resultado,grupo,anio,coeficiente,error_estandar,ic95_inferior,ic95_superior
Empleo total (log),Baja exposición,2015,0.04764512678633366,0.025879396141668932,-0.003078489651337446,0.09836874322400477
Empleo total (log),Baja exposición,2016,0.058541844082418054,0.024545705203876236,0.010432261882820634,0.10665142628201547
Empleo total (log),Baja exposición,2017,0.05902464908585004,0.02246987201566361,0.014983699935149364,0.10306559823655072
Empleo total (log),Baja exposición,2018,0.011859267306162595,0.020258699109173408,-0.027847782947817284,0.051566317560142474
Empleo total (log),Baja exposición,2019,0.005982996553795732,0.0176481463880938,-0.028607370366868116,0.040573363474459584
Empleo total (log),Baja exposición,2021,-8.593626538095003e-4,0.011944965881971978,-0.024271495782474575,0.022552770474855578
Empleo total (log),Baja exposición,2022,0,0,0,0
Empleo total (log),Baja exposición,2023,-0.0013676967415960986,0.013736986382515312,-0.028292190051326112,0.025556796568133915
Empleo total (log),Baja exposición,2024,0.008420883565929026,0.01568167871214881,-0.02231520670988264,0.03915697384174069
Empleo total (log),Alta exposición,2015,0.08011254979885522,0.02534346804692363,0.030439352426884912,0.12978574717082553
Empleo total (log),Alta exposición,2016,0.07325163448016782,0.024132345148086987,0.025952237989917325,0.1205510309704183
Empleo total (log),Alta exposición,2017,0.06189561065721086,0.022421869110431522,0.01794874720076508,0.10584247411365663
Empleo total (log),Alta exposición,2018,0.025380057799627372,0.01909487799471655,-0.012045903070017062,0.06280601866927181
Empleo total (log),Alta exposición,2019,0.011326846670506135,0.01780493143599568,-0.023570818944045394,0.04622451228505767
Empleo total (log),Alta exposición,2021,0.010685558981150953,0.012357549054146856,-0.013535237164976885,0.03490635512727879
Empleo total (log),Alta exposición,2022,0,0,0,0
Empleo total (log),Alta exposición,2023,-0.020677643140190202,0.012961950732707034,-0.04608306657629599,0.004727780295915585
Empleo total (log),Alta exposición,2024,-0.010164832836957127,0.016838236829110727,-0.04316777702201415,0.022838111348099897
