resultado,anio,quintil,coeficiente,error_estandar,p_valor,significancia,ic95_inferior,ic95_superior,efecto_porcentual
Costo laboral por trabajador (log),2023,Q2,0.004626540938341079,0.014169139892544107,0.7440425973909757,,-0.02314497325104537,0.032398055127727525,0.4626540938341079
Costo laboral por trabajador (log),2024,Q2,0.0011944920138640923,0.012288614364877708,0.9225688928493606,,-0.022891192141296215,0.0252801761690244,0.11944920138640923
Costo laboral por trabajador (log),2023,Q3,-0.01484054364140286,0.014992663719195333,0.3222926661946037,,-0.044226164531025715,0.014545077248219991,-1.4840543641402861
Costo laboral por trabajador (log),2024,Q3,-0.010473945448112865,0.01233245205956614,0.3957545819913916,,-0.034645551484862494,0.013697660588636768,-1.0473945448112865
Costo laboral por trabajador (log),2023,Q4,-0.055522395916329334,0.014000848683826724,7.42020396807204e-5,***,-0.08296405933662972,-0.028080732496028955,-5.552239591632933
Costo laboral por trabajador (log),2024,Q4,-0.028864457318233665,0.013354524301008808,0.030710980697270105,**,-0.05503932494821093,-0.0026895896882564024,-2.8864457318233665
Costo laboral por trabajador (log),2023,Q5 (más expuestas),-0.06984178663889994,0.015009122187575585,3.3496497847520092e-6,***,-0.09925966612654807,-0.04042390715125179,-6.984178663889994
Costo laboral por trabajador (log),2024,Q5 (más expuestas),-0.03088742622499613,0.01302264463681039,0.017737473206470858,**,-0.056411809713144495,-0.005363042736847762,-3.0887426224996126
Empleo total (log),2023,Q2,-0.03226968655446576,0.024577972889306052,0.1892584550407973,,-0.08044251341750562,0.015903140308574107,-3.2269686554465755
Empleo total (log),2024,Q2,-0.06468965583924466,0.026093683153606415,0.013202429700427445,**,-0.11583327482031323,-0.013546036858176083,-6.468965583924466
Empleo total (log),2023,Q3,-0.07992707355735469,0.02566080074000449,0.0018512150499741982,***,-0.1302222430077635,-0.02963190410694589,-7.992707355735469
Empleo total (log),2024,Q3,-0.05897909746012681,0.027172520134574815,0.03001186842831024,**,-0.11223723692389345,-0.005720957996360174,-5.897909746012681
Empleo total (log),2023,Q4,-0.12735119894041136,0.026765535895350023,2.008968393867976e-6,***,-0.17981164929529742,-0.07489074858552532,-12.735119894041135
Empleo total (log),2024,Q4,-0.13530497086065835,0.027619192034332368,9.9335866067973e-7,***,-0.1894385872479498,-0.0811713544733669,-13.530497086065834
Empleo total (log),2023,Q5 (más expuestas),-0.15524845836273202,0.027233684312623647,1.2610450099611167e-8,***,-0.20862647961547437,-0.10187043710998966,-15.524845836273201
Empleo total (log),2024,Q5 (más expuestas),-0.16663288320145817,0.028211742600710944,3.721050452869139e-9,***,-0.2219278986988516,-0.11133786770406472,-16.663288320145817
