resultado,quintil,referencia,efecto_porcentual,p_valor,significancia,ic95_inferior,ic95_superior
Costo laboral por trabajador (log),Q2,2022,1.9277946077153534,0.1322027853958371,,-0.005816324767728476,0.044372216922035544
Costo laboral por trabajador (log),Q2,promedio 2015-2019,0.4626540938341079,0.7440425973909757,,-0.02314497325104537,0.032398055127727525
Costo laboral por trabajador (log),Q3,2022,4.957802169391674,1.9700288403850085e-4,***,0.023495141496235005,0.07566090189159848
Costo laboral por trabajador (log),Q3,promedio 2015-2019,-1.4840543641402861,0.3222926661946037,,-0.044226164531025715,0.014545077248219991
Costo laboral por trabajador (log),Q4,2022,3.097306640875765,0.013690666058807636,**,0.006356728827395564,0.05558940399011973
Costo laboral por trabajador (log),Q4,promedio 2015-2019,-5.552239591632933,7.42020396807204e-5,***,-0.08296405933662972,-0.028080732496028955
Costo laboral por trabajador (log),Q5 (más expuestas),2022,8.205289289549764,3.0951109355520734e-9,***,0.05496446969347273,0.10914131609752253
Costo laboral por trabajador (log),Q5 (más expuestas),promedio 2015-2019,-6.984178663889994,3.3496497847520092e-6,***,-0.09925966612654807,-0.04042390715125179
Empleo total (log),Q2,2022,1.6049398770186747,0.29839710119879403,,-0.01419803783747249,0.046296835377845985
Empleo total (log),Q2,promedio 2015-2019,-3.2269686554465755,0.1892584550407973,,-0.08044251341750562,0.015903140308574107
Empleo total (log),Q3,2022,-1.7921754638607,0.30143394018527325,,-0.0519108446922646,0.0160673354150506
Empleo total (log),Q3,promedio 2015-2019,-7.992707355735469,0.0018512150499741982,***,-0.1302222430077635,-0.02963190410694589
Empleo total (log),Q4,2022,-1.3747089231246,0.4307471796344824,,-0.04794138290641474,0.020447204443922742
Empleo total (log),Q4,promedio 2015-2019,-12.735119894041135,2.008968393867976e-6,***,-0.17981164929529742,-0.07489074858552532
Empleo total (log),Q5 (más expuestas),2022,-0.7677235624282588,0.6478422995569664,,-0.040618894419922766,0.02526442317135759
Empleo total (log),Q5 (más expuestas),promedio 2015-2019,-15.524845836273201,1.2610450099611167e-8,***,-0.20862647961547437,-0.10187043710998966
