resultado,referencia,quintil,coeficiente,error_estandar,p_valor,significancia,efecto_porcentual
Costo laboral por trabajador (log),2022,Q2,0.014281975116175134,0.011766528968365352,0.22488925734914642,,1.4281975116175134
Costo laboral por trabajador (log),2022,Q3,0.017494797888414654,0.012486412126426724,0.16124428950312686,,1.7494797888414655
Costo laboral por trabajador (log),2022,Q4,0.026744048402991955,0.01136484820459359,0.01864993981946746,**,2.6744048402991956
Costo laboral por trabajador (log),2022,Q5 (más expuestas),0.04427256856101543,0.011711270560970117,1.584438610157699e-4,***,4.427256856101542
Costo laboral por trabajador (log),promedio 2015-2019,Q2,0.023789772900311132,0.013004048824149694,0.06739747179395666,*,2.3789772900311132
Costo laboral por trabajador (log),promedio 2015-2019,Q3,0.012484904391584605,0.013688864073401788,0.3617874088793426,,1.2484904391584606
Costo laboral por trabajador (log),promedio 2015-2019,Q4,0.0285274080638708,0.013308865401689381,0.03212207372699724,**,2.85274080638708
Costo laboral por trabajador (log),promedio 2015-2019,Q5 (más expuestas),0.03933236270689215,0.014345132114808305,0.006131005249949728,***,3.933236270689215
Empleo total (log),2022,Q2,-0.020645250943342523,0.016188596293233427,0.202263875530188,,-2.064525094334252
Empleo total (log),2022,Q3,-0.012419455500481055,0.015949018611619337,0.43619504557529576,,-1.2419455500481056
Empleo total (log),2022,Q4,-0.015409760230350338,0.016430776029883225,0.34836197332757246,,-1.5409760230350338
Empleo total (log),2022,Q5 (más expuestas),-0.02458049084171192,0.01649348552743201,0.13620459022131792,,-2.4580490841711917
Empleo total (log),promedio 2015-2019,Q2,-0.04109689522661776,0.025437875517752517,0.10624864259273316,,-4.1096895226617765
Empleo total (log),promedio 2015-2019,Q3,-0.08090745325509693,0.025335752033327462,0.0014147749632084621,***,-8.090745325509694
Empleo total (log),promedio 2015-2019,Q4,-0.08223063714426154,0.02572082359638845,0.0013971034679008782,***,-8.223063714426154
Empleo total (log),promedio 2015-2019,Q5 (más expuestas),-0.13029553680351225,0.026924500265858214,1.3423178862371524e-6,***,-13.029553680351224
