medida,quintil,coeficiente,error_estandar,p_valor,significancia
Kaitz de obreros (exp. 2022),1,0,0,NA,ref
Kaitz de obreros (exp. 2022),2,0.02246327869096308,0.012928291069127663,0.08235747534324188,*
Kaitz de obreros (exp. 2022),3,0.047915576175070064,0.013274265686087864,3.097013882768799e-4,***
Kaitz de obreros (exp. 2022),4,0.03191039456460866,0.012613715351528878,0.01144366208794314,**
Kaitz de obreros (exp. 2022),5,0.07362565663778158,0.013683167361961604,7.767464292034852e-8,***
Golpe C (exp. 2022),1,0,0,NA,ref
Golpe C (exp. 2022),2,0.045581340371996217,0.012511393308685245,2.717829621450638e-4,***
Golpe C (exp. 2022),3,0.045658012350122026,0.012078735668457323,1.58480505249414e-4,***
Golpe C (exp. 2022),4,0.06341713322621392,0.012419634234673124,3.398579282414772e-7,***
Golpe C (exp. 2022),5,0.0843280948585652,0.013498212189986388,4.490556031886226e-10,***
"Kaitz de obreros (exp. 2019, limpia)",1,0,0,NA,ref
"Kaitz de obreros (exp. 2019, limpia)",2,-0.003189228093997243,0.011384263745068873,0.7793794635394874,
"Kaitz de obreros (exp. 2019, limpia)",3,0.020546079313081663,0.011150178070655693,0.06543919289237801,*
"Kaitz de obreros (exp. 2019, limpia)",4,0.02459411522376168,0.012221611157684617,0.0442392836106219,**
"Kaitz de obreros (exp. 2019, limpia)",5,0.013842824833959157,0.011142316306498543,0.21416268187072054,
"Golpe C (exp. 2019, limpia)",1,0,0,NA,ref
"Golpe C (exp. 2019, limpia)",2,0.005921040126225971,0.010595773937305758,0.5763138619015474,
"Golpe C (exp. 2019, limpia)",3,0.03455432418609078,0.012169438404664478,0.0045364682671647245,***
"Golpe C (exp. 2019, limpia)",4,0.025859064140381777,0.012566673417937532,0.039662726800868436,**
"Golpe C (exp. 2019, limpia)",5,0.014744663091089336,0.01252285367736921,0.23908033299269818,
