medida,muestra,controles,coeficiente,error_estandar,p_valor,significancia,ic95_inferior,ic95_superior,efecto_pct,observaciones,r2_ajustado
Golpe costo (costo laboral total),Común,Sí,0.08347782358596409,0.006312060059782431,2.989326376986698e-39,***,0.07110618586879053,0.09584946130313765,8.347782358596408,4979,0.07307930926557527
Golpe A (armónica ponderada),Común,Sí,0.0352355235671615,0.005126667739305355,7.0834034864698615e-12,***,0.025187254798123004,0.0452837923362,3.5235523567161504,4979,0.014840473445853264
"Golpe C (nivel salarial, 3 categorías)",Común,Sí,0.03296154022490189,0.004918551471976387,2.2987072018274897e-11,***,0.023321179339828177,0.04260190110997561,3.2961540224901893,4979,0.014253437120078982
Bite (Kaitz de obreros),Común,Sí,0.02866257184417753,0.00478978763081555,2.332514889335348e-9,***,0.019274588087779054,0.038050555600576005,2.866257184417753,4979,0.012303845024529747
Exposure (proporción de obreros),Común,Sí,0.0018815250913295262,0.005937274187685985,0.7513327705848007,,-0.009755532316535004,0.013518582499194055,0.18815250913295262,4979,0.002347986451115225
Golpe costo (costo laboral total),Propia,Sí,0.0904004706172288,0.0061642065123220435,7.456159541780226e-48,***,0.0783186258530776,0.10248231538138002,9.04004706172288,6017,0.0790227842035317
Golpe A (armónica ponderada),Propia,Sí,0.031902453623433046,0.004642696845150931,7.059650690977958e-12,***,0.02280276780693722,0.04100213943992887,3.1902453623433047,5599,0.011964881257881643
"Golpe C (nivel salarial, 3 categorías)",Propia,Sí,0.03094417699261467,0.0048134294894291735,1.3961262215194853e-10,***,0.02150985519333349,0.04037849879189585,3.094417699261467,5599,0.011300717256349957
Bite (Kaitz de obreros),Propia,Sí,0.02866257184417753,0.00478978763081555,2.332514889335348e-9,***,0.019274588087779054,0.038050555600576005,2.866257184417753,4979,0.012303845024529747
Exposure (proporción de obreros),Propia,Sí,0.001701341053741685,0.005039713240558878,0.7356865812328153,,-0.008176496897753715,0.011579179005237085,0.1701341053741685,6017,2.2927804139705188e-4
