medida,outcome,coeficiente,error_estandar,p_valor,significancia,ic95_inferior,ic95_superior,efecto_pct,observaciones
Bite (Kaitz de obreros),2021 -> 2023,-0.002638703768583875,0.006088292615608011,0.6647391481637634,,-0.014571757295175576,0.009294349758007827,-0.2638703768583875,4942
Bite (Kaitz de obreros),2022 -> 2023 (original),0.02866257184417753,0.00478978763081555,2.332514889335348e-9,***,0.019274588087779054,0.038050555600576005,2.866257184417753,4979
Bite (Kaitz de obreros),Promedio 2019 y 2021 -> 2023,-0.007347335310734327,0.0047756282471363,0.12399138943562464,,-0.016707566675121473,0.00201289605365282,-0.7347335310734328,4887
Exposure (proporción de obreros),2021 -> 2023,0.006778418862198025,0.00658025523228652,0.30299877481956183,,-0.006118881393083554,0.019675719117479604,0.6778418862198026,5971
Exposure (proporción de obreros),2022 -> 2023 (original),0.001701341053741685,0.005039713240558878,0.7356865812328153,,-0.008176496897753715,0.011579179005237085,0.1701341053741685,6017
Exposure (proporción de obreros),Promedio 2019 y 2021 -> 2023,0.003457933153075837,0.005228818611318433,0.5084322049339607,,-0.0067905513251082916,0.013706417631259965,0.3457933153075837,5903
Golpe A (armónica ponderada),2021 -> 2023,-9.276519991672815e-4,0.005940186814450589,0.8759084163936885,,-0.012570418155490435,0.010715114157155871,-0.09276519991672814,5558
Golpe A (armónica ponderada),2022 -> 2023 (original),0.031902453623433046,0.004642696845150931,7.059650690977958e-12,***,0.02280276780693722,0.04100213943992887,3.1902453623433047,5599
Golpe A (armónica ponderada),Promedio 2019 y 2021 -> 2023,-0.008549462254899493,0.0045910099166558424,0.06262702886441814,*,-0.017547841691544944,4.489171817459586e-4,-0.8549462254899493,5494
"Golpe C (nivel salarial, 3 categorías)",2021 -> 2023,-0.004377801533097023,0.006076109794450639,0.4712518631873829,,-0.016286976730220275,0.007531373664026228,-0.43778015330970227,5558
"Golpe C (nivel salarial, 3 categorías)",2022 -> 2023 (original),0.03094417699261467,0.0048134294894291735,1.3961262215194853e-10,***,0.02150985519333349,0.04037849879189585,3.094417699261467,5599
"Golpe C (nivel salarial, 3 categorías)",Promedio 2019 y 2021 -> 2023,-0.013356146599700568,0.004446645259554157,0.0026799852429642288,***,-0.022071571308426713,-0.004640721890974421,-1.335614659970057,5494
Golpe costo (costo laboral total),2021 -> 2023,0.0034452675818849444,0.006654585300052064,0.6046674338425302,,-0.0095977196062171,0.016488254769986988,0.34452675818849443,5970
Golpe costo (costo laboral total),2022 -> 2023 (original),0.0904004706172288,0.0061642065123220435,7.456159541780226e-48,***,0.0783186258530776,0.10248231538138002,9.04004706172288,6017
Golpe costo (costo laboral total),Promedio 2019 y 2021 -> 2023,-0.016480756119920892,0.005002676333712534,9.923143408192047e-4,***,-0.026286001733997456,-0.006675510505844326,-1.6480756119920892,5902
