medida,outcome,coeficiente,error_estandar,p_valor,significancia,ic95_inferior,ic95_superior,observaciones
Bite (Kaitz de obreros),Margen: 2022 -> 2023 (con traslape),-0.42731961069420654,0.25801610365995137,0.097751318233255,*,-0.9330311738677112,0.07839195247929809,4980
"Golpe C (nivel salarial, 3 categorías)",Margen: 2022 -> 2023 (con traslape),-0.3594693875572319,0.2722448825763338,0.18676017580207435,,-0.8930693574068461,0.17413058229238232,5601
Bite (Kaitz de obreros),Margen: 2021 -> 2023,0.1028278717897085,0.37998509789846197,0.7867024079292687,,-0.6419429200912768,0.8475986636706939,4944
"Golpe C (nivel salarial, 3 categorías)",Margen: 2021 -> 2023,0.4548253065306507,0.39195984634250147,0.2459421349070121,,-0.3134159923006522,1.2230666053619537,5561
Bite (Kaitz de obreros),Margen: promedio 2019 y 2021 -> 2023,-0.3056453345152655,0.3378828813221738,0.3657286942571376,,-0.9678957819067262,0.3566051128761952,4889
"Golpe C (nivel salarial, 3 categorías)",Margen: promedio 2019 y 2021 -> 2023,-0.11507028348189664,0.35296214067753934,0.7444271621568046,,-0.8068760792098737,0.5767355122460804,5497
Bite (Kaitz de obreros),Peso del costo laboral: 2022 -> 2023 (con traslape),0.4183075361221474,0.21132107250578877,0.047817607555627015,**,0.004118234010801414,0.8324968382334934,4980
"Golpe C (nivel salarial, 3 categorías)",Peso del costo laboral: 2022 -> 2023 (con traslape),0.22997144502251834,0.22378758932785597,0.30416811573113023,,-0.20865223006007935,0.668595120105116,5601
Bite (Kaitz de obreros),Peso del costo laboral: 2021 -> 2023,0.12390433895900238,0.3147770472988595,0.6938748504376795,,-0.4930586737467623,0.740867351664767,4944
"Golpe C (nivel salarial, 3 categorías)",Peso del costo laboral: 2021 -> 2023,-0.33896973932116625,0.3246009485718352,0.29640886020499685,,-0.9751875985219632,0.29724811987963073,5561
Bite (Kaitz de obreros),Peso del costo laboral: promedio 2019 y 2021 -> 2023,0.36121461162506646,0.26560325762071496,0.17390134512336017,,-0.1593677733115349,0.8817969965616679,4889
"Golpe C (nivel salarial, 3 categorías)",Peso del costo laboral: promedio 2019 y 2021 -> 2023,0.1044012146682493,0.2807316573323285,0.7099896621066208,,-0.4458328337031146,0.6546352630396132,5497
Bite (Kaitz de obreros),Salida de la EAM en 2023,0.5887253048175501,0.28305725948235355,0.03758768507248989,**,0.03393307623213715,1.1435175334029632,5099
"Golpe C (nivel salarial, 3 categorías)",Salida de la EAM en 2023,2.0044552822135975,0.31062385569559603,1.1886397558083898e-10,***,1.3956325250502293,2.613278039376966,5742
Bite (Kaitz de obreros),Salida de la EAM en 2024,1.4629669791367406,0.39244152339751,1.9526370508979242e-4,***,0.693781593277621,2.2321523649958603,5099
"Golpe C (nivel salarial, 3 categorías)",Salida de la EAM en 2024,4.399846203577345,0.4451030343857203,7.429760573475324e-23,***,3.5274442561813335,5.272248150973357,5742
