medida,periodo,coeficiente,error_estandar,p_valor,significancia,observaciones
Bite (Kaitz de obreros),Choque 2022-2023,0.02866257184417753,0.00478978763081555,2.332514889335348e-9,***,4979
Bite (Kaitz de obreros),Placebo 2018-2019,-0.007449137847862029,0.003633443266005404,0.04040248145882542,**,4989
Exposure (proporción de obreros),Choque 2022-2023,0.001701341053741685,0.005039713240558878,0.7356865812328153,,6017
Exposure (proporción de obreros),Placebo 2018-2019,-0.004929348399869369,0.003664490996357168,0.17862328034122477,,6044
Golpe A (armónica ponderada),Choque 2022-2023,0.031902453623433046,0.004642696845150931,7.059650690977958e-12,***,5599
Golpe A (armónica ponderada),Placebo 2018-2019,-0.009425968170499942,0.0033659884659022147,0.005122503622697225,***,5613
"Golpe C (nivel salarial, 3 categorías)",Choque 2022-2023,0.03094417699261467,0.0048134294894291735,1.3961262215194853e-10,***,5599
"Golpe C (nivel salarial, 3 categorías)",Placebo 2018-2019,-0.006746988646494591,0.003427638117615413,0.04907151527127921,**,5613
Golpe costo (costo laboral total),Choque 2022-2023,0.0904004706172288,0.0061642065123220435,7.456159541780226e-48,***,6017
Golpe costo (costo laboral total),Placebo 2018-2019,-0.011000031919434794,0.003557044270681451,0.0019942802387596884,***,6042
