medida,quintil,firmas,crecimiento_mediano_pct,crecimiento_medio_pct
quintil_bite,1,996,10.510817616286872,7.296650373130564
quintil_bite,2,996,11.625502998854408,10.259150734794108
quintil_bite,3,996,11.839893765722941,12.573936724191913
quintil_bite,4,996,11.872132627499287,10.60692525081912
quintil_bite,5,995,15.289092188186704,15.0144860208548
quintil_golpe_c,1,1120,10.543941153896341,6.143628642889709
quintil_golpe_c,2,1120,12.08185804011781,10.769066315771902
quintil_golpe_c,3,1120,11.40414757276529,10.554119890778079
quintil_golpe_c,4,1120,12.216240266819156,12.458455247381096
quintil_golpe_c,5,1119,14.585939845861319,14.406777302101958
