medida,lectura,efecto_pct,ic95_inf_pct,ic95_sup_pct,p_valor,significancia,p_previos,observaciones
Bite (Kaitz de obreros),A. Cambio 2022 -> 2023,3.2692097377388096,2.3126628738169557,4.225756601660664,2.1023574938241937e-11,***,1.746349542278937e-28,44614
Bite (Kaitz de obreros),B. Salto 2023 ajustado por tendencia previa,3.947809955348347,2.9187352415694785,4.976884669127216,5.515793669837049e-14,***,1.746349542278937e-28,44614
Bite (Kaitz de obreros),C. DiD simple (promedio post - pre),-0.851576305951006,-1.5529759395942868,-0.15017667230772508,0.017365404949887035,**,1.746349542278937e-28,44614
Bite (Kaitz de obreros),D. 2023 frente a 2021,-0.1658997059983451,-1.346301460870135,1.0145020488734446,0.782956373488251,,1.746349542278937e-28,44614
Exposure (proporción de obreros),A. Cambio 2022 -> 2023,0.19912055782120652,-0.7890654316489502,1.1873065472913633,0.6928855865298675,,0.011220296661823516,53985
Exposure (proporción de obreros),B. Salto 2023 ajustado por tendencia previa,0.6090943225286688,-0.43160528439403506,1.6497939294513728,0.25132506476423505,,0.011220296661823516,53985
Exposure (proporción de obreros),C. DiD simple (promedio post - pre),-0.25867155365653777,-0.9861342042528143,0.4687910969397387,0.4858679209572724,,0.011220296661823516,53985
Exposure (proporción de obreros),D. 2023 frente a 2021,0.48345750142687804,-0.7987129721643653,1.7656279750181212,0.45988202856373966,,0.011220296661823516,53985
"Golpe C (nivel salarial, 3 categorías)",A. Cambio 2022 -> 2023,3.547758243503178,2.5967410379497977,4.498775449056558,2.636727709670846e-13,***,3.807738035204737e-61,50184
"Golpe C (nivel salarial, 3 categorías)",B. Salto 2023 ajustado por tendencia previa,4.6372866683750065,3.627249724020983,5.64732361272903,2.2827760372663906e-19,***,3.807738035204737e-61,50184
"Golpe C (nivel salarial, 3 categorías)",C. DiD simple (promedio post - pre),-2.026476534448126,-2.674479868355929,-1.3784732005403226,9.406175687560043e-10,***,3.807738035204737e-61,50184
"Golpe C (nivel salarial, 3 categorías)",D. 2023 frente a 2021,-0.3338095690062687,-1.5013888641674165,0.8337697261548791,0.5752327288274891,,3.807738035204737e-61,50184
Golpe A (armónica ponderada),A. Cambio 2022 -> 2023,3.7216819219905606,2.7929607181211336,4.650403125859988,4.018673159643204e-15,***,5.543868095661779e-53,50184
Golpe A (armónica ponderada),B. Salto 2023 ajustado por tendencia previa,4.820187373191632,3.826896939539015,5.813477806844249,1.8814158748617274e-21,***,5.543868095661779e-53,50184
Golpe A (armónica ponderada),C. DiD simple (promedio post - pre),-1.5577999286012687,-2.219622406857863,-0.8959774503446739,4.046382385264345e-6,***,5.543868095661779e-53,50184
Golpe A (armónica ponderada),D. 2023 frente a 2021,0.007349164762490701,-1.143319841435746,1.1580181709607273,0.9900121420088706,,5.543868095661779e-53,50184
Golpe costo (costo laboral total),A. Cambio 2022 -> 2023,9.365408848996132,8.163159435940274,10.567658262051989,1.2453741929654034e-52,***,4.100894114928799e-155,53972
Golpe costo (costo laboral total),B. Salto 2023 ajustado por tendencia previa,10.71661159536508,9.477351289725949,11.955871901004212,1.948549684581955e-64,***,4.100894114928799e-155,53972
Golpe costo (costo laboral total),C. DiD simple (promedio post - pre),-1.9121663567505454,-2.6491640142918174,-1.1751686992092731,3.77887783739898e-7,***,4.100894114928799e-155,53972
Golpe costo (costo laboral total),D. 2023 frente a 2021,0.45093064490243084,-0.8294101877225238,1.7312714775273856,0.490003197025756,,4.100894114928799e-155,53972
