medida,escala,lectura,efecto_pct,ic95_inf_pct,ic95_sup_pct,p_valor,significancia,p_previos,observaciones
Bite (Kaitz de obreros),Trabajadores,A. Cambio 2022 -> 2023,-0.410999694278913,-3.016527319198444,2.1945279306406187,0.757189753680686,,1.2159859332561464e-7,44630
Bite (Kaitz de obreros),Trabajadores,B. Salto 2023 ajustado por tendencia previa,0.5582040402287132,-2.3583794985961917,3.474787579053618,0.7075683926906173,,1.2159859332561464e-7,44630
Bite (Kaitz de obreros),Trabajadores,C. DiD simple (promedio post - pre),-7.365573052333432,-10.192844210983242,-4.538301893683622,3.407198748637997e-7,***,1.2159859332561464e-7,44630
Bite (Kaitz de obreros),Trabajadores,D. 2023 frente a 2021,-6.016337948643448,-8.877177086981803,-3.155498810305093,3.7580050851991207e-5,***,1.2159859332561464e-7,44630
Exposure (proporción de obreros),Trabajadores,A. Cambio 2022 -> 2023,-0.539629636152267,-1.9559191034870462,0.8766598311825122,0.4551889365528784,,0.029788461277214177,54014
Exposure (proporción de obreros),Trabajadores,B. Salto 2023 ajustado por tendencia previa,-1.1475587028015963,-2.8311015046242236,0.5359840990210314,0.18154890942359264,,0.029788461277214177,54014
Exposure (proporción de obreros),Trabajadores,C. DiD simple (promedio post - pre),1.6575698990300043,-0.5913865317582498,3.9065263298182584,0.14862166841574698,,0.029788461277214177,54014
Exposure (proporción de obreros),Trabajadores,D. 2023 frente a 2021,-0.5250287798430362,-2.3834586365221107,1.3334010768360383,0.5797680443196849,,0.029788461277214177,54014
"Golpe C (nivel salarial, 3 categorías)",Trabajadores,A. Cambio 2022 -> 2023,0.34291175812290137,-1.8326987347245947,2.5185222509703973,0.7573762803352123,,9.075169586725616e-11,50204
"Golpe C (nivel salarial, 3 categorías)",Trabajadores,B. Salto 2023 ajustado por tendencia previa,0.873093493541491,-1.4944774591809358,3.240664446263918,0.469807189070961,,9.075169586725616e-11,50204
"Golpe C (nivel salarial, 3 categorías)",Trabajadores,C. DiD simple (promedio post - pre),-5.741610259597497,-7.910089996600057,-3.5731305225949392,2.1798384419033129e-7,***,9.075169586725616e-11,50204
"Golpe C (nivel salarial, 3 categorías)",Trabajadores,D. 2023 frente a 2021,-4.264182117398717,-6.671381052735722,-1.8569831820617138,5.165945408587411e-4,***,9.075169586725616e-11,50204
Golpe A (armónica ponderada),Trabajadores,A. Cambio 2022 -> 2023,-0.4031781123003828,-2.6728745327817993,1.8665183081810341,0.7277161899247305,,3.8998675263794445e-8,50204
Golpe A (armónica ponderada),Trabajadores,B. Salto 2023 ajustado por tendencia previa,0.23495472297227127,-2.280887312442136,2.750796758386679,0.85476303711361,,3.8998675263794445e-8,50204
Golpe A (armónica ponderada),Trabajadores,C. DiD simple (promedio post - pre),-6.114289032014275,-8.688169666476492,-3.5404083975520586,3.2966127581934787e-6,***,3.8998675263794445e-8,50204
Golpe A (armónica ponderada),Trabajadores,D. 2023 frente a 2021,-5.000874443837556,-7.589038848039476,-2.4127100396356336,1.5239764887161282e-4,***,3.8998675263794445e-8,50204
Golpe costo (costo laboral total),Trabajadores,A. Cambio 2022 -> 2023,-2.461488911335553,-4.552048952017927,-0.3709288706531786,0.02101229114521932,**,4.1486316180904415e-4,53998
Golpe costo (costo laboral total),Trabajadores,B. Salto 2023 ajustado por tendencia previa,-2.3821998386257506,-4.747315705303015,-0.0170839719484861,0.048363814888028954,**,4.1486316180904415e-4,53998
Golpe costo (costo laboral total),Trabajadores,C. DiD simple (promedio post - pre),-6.062379540778551,-8.66211477359123,-3.4626443079658724,4.958776743644746e-6,***,4.1486316180904415e-4,53998
Golpe costo (costo laboral total),Trabajadores,D. 2023 frente a 2021,-5.77824001906499,-8.097520229050856,-3.458959809079124,1.0441414409026517e-6,***,4.1486316180904415e-4,53998
Bite (Kaitz de obreros),Log (cambio %),A. Cambio 2022 -> 2023,-0.7658885731453565,-1.8948044486420141,0.3630273023513011,0.18361066376805085,,3.420341006203403e-7,44615
Bite (Kaitz de obreros),Log (cambio %),B. Salto 2023 ajustado por tendencia previa,0.4408469576481236,-0.879717084970971,1.7614110002672185,0.5129112371682354,,3.420341006203403e-7,44615
Bite (Kaitz de obreros),Log (cambio %),C. DiD simple (promedio post - pre),-4.32531984081615,-5.712564779920277,-2.938074901712024,1.0628376449114927e-9,***,3.420341006203403e-7,44615
Bite (Kaitz de obreros),Log (cambio %),D. 2023 frente a 2021,-1.9833223052718099,-3.336959875450043,-0.6296847350935766,0.004082028712258458,***,3.420341006203403e-7,44615
Exposure (proporción de obreros),Log (cambio %),A. Cambio 2022 -> 2023,-0.8329612563272819,-1.91198484842856,0.24606233577399594,0.13026992085933026,,0.005677384176273122,53991
Exposure (proporción de obreros),Log (cambio %),B. Salto 2023 ajustado por tendencia previa,-1.129123341092255,-2.3549411514645344,0.09669446928002451,0.0710133519110718,*,0.005677384176273122,53991
Exposure (proporción de obreros),Log (cambio %),C. DiD simple (promedio post - pre),1.447389186845969,-0.10511655804825021,2.9998949317401884,0.06770394960333441,*,0.005677384176273122,53991
Exposure (proporción de obreros),Log (cambio %),D. 2023 frente a 2021,-0.41488152434002235,-1.7408188345499878,0.911055785869943,0.5396927340045086,,0.005677384176273122,53991
"Golpe C (nivel salarial, 3 categorías)",Log (cambio %),A. Cambio 2022 -> 2023,0.37737201464267744,-0.8380475703720559,1.592791599657411,0.5428197215962038,,6.276008228681228e-20,50185
"Golpe C (nivel salarial, 3 categorías)",Log (cambio %),B. Salto 2023 ajustado por tendencia previa,1.6720055880634612,0.3405172142883347,3.003493961838587,0.013845234712379778,**,6.276008228681228e-20,50185
"Golpe C (nivel salarial, 3 categorías)",Log (cambio %),C. DiD simple (promedio post - pre),-4.738117398834598,-6.141406266289109,-3.3348285313800874,3.976274876660914e-11,***,6.276008228681228e-20,50185
"Golpe C (nivel salarial, 3 categorías)",Log (cambio %),D. 2023 frente a 2021,-1.9682852502238675,-3.35310655854473,-0.5834639419030048,0.005339534260690042,***,6.276008228681228e-20,50185
Golpe A (armónica ponderada),Log (cambio %),A. Cambio 2022 -> 2023,-0.08371123373034257,-1.266136143378759,1.0987136759180738,0.8896393105132194,,5.885917744054725e-12,50185
Golpe A (armónica ponderada),Log (cambio %),B. Salto 2023 ajustado por tendencia previa,1.1547737495305703,-0.17396505372408028,2.483512552785221,0.08849564847089546,*,5.885917744054725e-12,50185
Golpe A (armónica ponderada),Log (cambio %),C. DiD simple (promedio post - pre),-4.233411132602978,-5.648263119637082,-2.8185591455688734,4.754349379401286e-9,***,5.885917744054725e-12,50185
Golpe A (armónica ponderada),Log (cambio %),D. 2023 frente a 2021,-2.071669916515317,-3.4451967292413177,-0.6981431037893168,0.0031141603891666567,***,5.885917744054725e-12,50185
Golpe costo (costo laboral total),Log (cambio %),A. Cambio 2022 -> 2023,-1.8787443387533311,-2.9604657242473733,-0.7970229532592891,6.637095852988311e-4,***,1.0686810709538412e-5,53975
Golpe costo (costo laboral total),Log (cambio %),B. Salto 2023 ajustado por tendencia previa,-1.0628446746804021,-2.306810181968856,0.18112083260805184,0.0940078586756074,*,1.0686810709538412e-5,53975
Golpe costo (costo laboral total),Log (cambio %),C. DiD simple (promedio post - pre),-4.421142623398505,-5.883791884264435,-2.9584933625325758,3.3016368342438827e-9,***,1.0686810709538412e-5,53975
Golpe costo (costo laboral total),Log (cambio %),D. 2023 frente a 2021,-2.174492675184597,-3.5659940654176268,-0.7829912849515664,0.002192159136515838,***,1.0686810709538412e-5,53975
