anio,coeficiente,error_estandar,p_valor,efecto_pct,significancia
2015,0.06860911434206873,0.011267532881103538,1.2186521332456364e-9,6.860911434206873,***
2016,0.06225382762583247,0.010626991386434819,4.975945431517401e-9,6.225382762583247,***
2017,0.05599056897615545,0.009910240054265204,1.6938270362099477e-8,5.5990568976155455,***
2018,0.03938589979008873,0.008610949085415176,4.899974335343408e-6,3.9385899790088734,***
2019,0.026051761702028067,0.007597034131878736,6.101584672845038e-4,2.6051761702028067,***
2021,0.012174337321264533,0.005300764558020581,0.021675482936373554,1.2174337321264532,**
2022,0,0,NA,0,
2023,-0.007658885731453565,0.005759774874982947,0.18367016747168605,-0.7658885731453565,
2024,-0.004510291714564671,0.007323414428201858,0.5380059781347715,-0.4510291714564671,
