grupo,mecanismo,efecto_pct,ic95_inf_pct,ic95_sup_pct,p_valor,significancia_cruda,p_ajustado_bh,significancia_ajustada,p_previos,observaciones
1. Composición contractual,Temporal directo (log),-2.996527002750915,-6.579935915076993,0.586881909575162,0.1012140897435595,,0.1968051745013657,,1.0276268456050316e-4,16213
1. Composición contractual,Empleo permanente (log),-1.861636588500669,-3.4276011992444158,-0.2956719777569221,0.019802433053954824,**,0.046205677125894594,**,0.5122612914619249,43675
1. Composición contractual,Usa agencias (indicador),1.6414378513960028,0.9029061084426769,2.3799695943493284,1.3231841926164413e-5,***,5.788930842696931e-5,***,4.735269816103646e-10,44630
1. Composición contractual,% permanentes,-1.2639670626290638,-1.7885427648137788,-0.7393913604443486,2.328174640327315e-6,***,1.358101873524267e-5,***,2.0612842727968037e-20,44615
1. Composición contractual,% temporales,1.2328093458162064,0.709398748569799,1.756219943062614,3.903331994180966e-6,***,1.951665997090483e-5,***,1.9781076632418106e-20,44615
1. Composición contractual,Aprendices (log),0.9972333679359027,-1.1572220335263368,3.151688769398142,0.3642874333683145,,0.5795481894495912,,0.09784147932171247,27244
1. Composición contractual,Personal de agencias (log),0.7401851178739636,-3.3669127500432996,4.847282985791226,0.7239137098081385,,0.8445659947761617,,0.07681558214198013,15614
1. Composición contractual,% de agencias,0.6380489375223667,0.42419511396833237,0.8519027610764011,4.980955500002467e-9,***,5.8111147500028775e-8,***,3.510532054962988e-5,44615
1. Composición contractual,Usa aprendices (indicador),0.454136060597401,-0.46135360539681713,1.3696257265916192,0.33091432052833725,,0.5515238675472288,,0.001225649649768205,44630
1. Composición contractual,Empleo temporal (log),0.29748111513162934,-2.602214820531102,3.1971770507943615,0.8406381432961468,,0.905077079322678,,8.685302154931028e-10,23804
1. Composición contractual,% aprendices,0.03115771681280056,-0.04106675934391551,0.10338219296951662,0.3978059987144762,,0.6053569545655073,,0.44704181702534884,44615
2. Composición ocupacional,Obreros (log),-1.406160811205907,-2.831862455342336,0.01954083293052196,0.05321944488608252,*,0.1095694453536993,,4.15231571019014e-5,44249
2. Composición ocupacional,% mujeres entre obreros,-0.3412844401877748,-0.8027236326060259,0.12015475223047618,0.1471608752190811,,0.2710858227719915,,0.975481651104574,44249
2. Composición ocupacional,% obreros (OJO: circular),-0.12063096690790613,-0.4768206148464178,0.23555868103060557,0.5068219076554836,,0.6822602603054588,,0.112024452250725,44615
3. Salarios y compresión,Salario obrero (log; OJO: es la base del Kaitz),11.76597376070514,10.691597667570532,12.84034985383975,3.319062661649713e-102,***,1.1616719315773995e-100,***,1.0313921241749973e-248,42238
3. Salarios y compresión,Salario obrero / salario admin (log),10.231818987209891,8.85012819670798,11.613509777711803,9.826263400459396e-48,***,1.7195960950803944e-46,***,2.164097559063733e-32,40726
3. Salarios y compresión,Costo por temporal directo (log),2.1650186533761215,0.23939515358868194,4.090642153163561,0.02754764001285359,**,0.06026046252811723,*,0.09191895352508889,16155
3. Salarios y compresión,Salario administrativo (log),1.6507082490720408,0.5084467326450289,2.792969765499053,0.004619411342140507,***,0.01243687669037829,**,1.0275649531183776e-36,42072
4. Tercerización,Hace outsourcing (indicador),2.356459521770045,1.2497635703846317,3.463155473155459,3.001162479980852e-5,***,1.0504068679932982e-4,***,9.742743293400832e-7,44630
4. Tercerización,Honorarios y servicios técnicos (log),1.0307823091083654,-2.2653685491552134,4.326933167371944,0.539917895328972,,0.6998935680190378,,1.622230457537981e-8,41363
4. Tercerización,Outsourcing (log),-0.8487080210179151,-9.848448152472349,8.15103211043652,0.8533583890756679,,0.905077079322678,,0.5100654539173848,12622
4. Tercerización,Producción encargada a terceros (log),-0.7218264877587265,-7.2925953853525645,5.84894240983511,0.8295223512569332,,0.905077079322678,,0.5833294496979651,17838
4. Tercerización,Pago a agencias temporales (log),0.18670686153005184,-4.981167234486875,5.354580957546979,0.9435476971869939,,0.9435476971869939,,0.06307873745590031,15956
5. Capital,Inversión bruta (log),4.6291948237351646,-2.468735150905526,11.727124798375854,0.20114674818111375,,0.35200680931694905,,0.005126836013322204,31129
5. Capital,Energía eléctrica por trabajador (log),4.5096150927314564,2.774297204714369,6.244932980748543,3.5150886138396056e-7,***,2.460562029687724e-6,***,1.259890868970407e-8,44570
5. Capital,Compra de maquinaria nueva (log),0.636457935134048,-7.695180579285401,8.968096449553496,0.880981301514294,,0.9068925162647143,,0.19311743232847983,24657
5. Capital,Invierte (indicador),0.44377267211444466,-0.8225757331569452,1.7101210773858349,0.4921757473009881,,0.6822602603054588,,4.3922573300267484e-8,44630
5. Capital,Compra maquinaria nueva (indicador),0.2860286444125816,-0.9967928039222994,1.5688500927474627,0.6620982492194385,,0.7990840938855291,,1.7684232261093743e-9,44630
6. Producción,"Productividad (VA / trabajador, log)",3.738420888231083,2.034536386529165,5.442305389933002,1.705262065535186e-5,***,6.6315746993035e-5,***,8.383552481208073e-16,44615
6. Producción,Empleo por unidad de ventas (log),-3.520953842804601,-4.831355702584511,-2.2105519830246916,1.3914279232473573e-7,***,1.2174994328414377e-6,***,2.9585272632309602e-24,44609
6. Producción,Producción bruta (log),3.0754938026207026,1.3363265026049989,4.814661102636406,5.282474734985848e-4,***,0.001680787415677315,***,1.3790774137831548e-29,44630
6. Producción,Valor agregado (log),2.972856834200141,0.8760030100727123,5.06971065832757,0.00545551414419731,***,0.013638785360493275,**,3.448931320299409e-21,44630
6. Producción,Ventas (log),2.7561478448526957,1.0570472179246244,4.455248471780767,0.001476014879423349,***,0.0043050433983181004,***,4.830028544582679e-28,44624
7. Rentabilidad,Costo laboral / producción,0.18751946079515375,-0.307101585571475,0.6821405071617824,0.4574392007605689,,0.6670988344424963,,0.005967113252346063,44630
7. Rentabilidad,Margen: (VA - costo laboral) / producción,-0.16178342734917786,-0.744397481596393,0.42083062689803713,0.5862602154605507,,0.7328252693256885,,0.07419218509550382,44630
