mecanismo,lectura,coeficiente,error_estandar,p_valor,significancia,efecto_pct,ic95_inf_pct,ic95_sup_pct,p_previos
Empleo permanente (log),2023 vs 2022,-0.01861636588500669,0.007989615360937483,0.019802433053954824,**,-1.861636588500669,-3.4276011992444158,-0.2956719777569221,0.5122612914619249
Empleo permanente (log),2023 vs 2021,-0.012876622469290225,0.009163702613276722,0.1599687061092347,,-1.2876622469290226,-3.08374795913126,0.5084234652732149,0.5122612914619249
Empleo permanente (log),2023 vs promedio previo,-0.020201881905858306,0.009580564929225979,0.034976393520252995,**,-2.0201881905858308,-3.8979789167141226,-0.14239746445753876,0.5122612914619249
Empleo permanente (log),2024 vs promedio previo,-0.02097793045285067,0.01060450080958887,0.04790501143981468,**,-2.097793045285067,-4.176275203964486,-0.019310886605648434,0.5122612914619249
Usa agencias (indicador),2023 vs 2022,0.016414378513960028,0.003768019096700642,1.3231841926164413e-5,***,1.6414378513960028,0.9029061084426769,2.3799695943493284,4.735269816103646e-10
Usa agencias (indicador),2023 vs 2021,0.0034949473431665733,0.00447467155526234,0.434772414146887,,0.34949473431665734,-0.5275408905147614,1.226530359148076,4.735269816103646e-10
Usa agencias (indicador),2023 vs promedio previo,-0.009557189287092985,0.0044376550200000515,0.03126703661027583,**,-0.9557189287092985,-1.8254993126293084,-0.0859385447892885,4.735269816103646e-10
Usa agencias (indicador),2024 vs promedio previo,-0.006335177938433411,0.004856109592165904,0.19203628898373687,,-0.6335177938433411,-1.5853152739078582,0.3182796862211761,4.735269816103646e-10
% permanentes,2023 vs 2022,-0.012639670626290638,0.002676406643799567,2.328174640327315e-6,***,-1.2639670626290638,-1.7885427648137788,-0.7393913604443486,2.0612842727968037e-20
% permanentes,2023 vs 2021,7.854948677149358e-4,0.00335623048024381,0.8149533040270396,,0.07854948677149358,-0.5792716873562932,0.7363706608992804,2.0612842727968037e-20
% permanentes,2023 vs promedio previo,0.017144769085981514,0.0033820776033938594,3.992795381826512e-7,***,1.7144769085981515,1.051589698332955,2.3773641188633476,2.0612842727968037e-20
% permanentes,2024 vs promedio previo,0.016432490930908917,0.0034673294982673682,2.1452609835745188e-6,***,1.6432490930908916,0.9636525114304875,2.3228456747512958,2.0612842727968037e-20
% temporales,2023 vs 2022,0.012328093458162064,0.002670462230849017,3.903331994180966e-6,***,1.2328093458162064,0.709398748569799,1.756219943062614,1.9781076632418106e-20
% temporales,2023 vs 2021,-8.460609425604629e-4,0.0033569431733746716,0.8010154452364221,,-0.08460609425604629,-0.7425669562374819,0.5733547677253893,1.9781076632418106e-20
% temporales,2023 vs promedio previo,-0.01737407734921604,0.0033957707130780556,3.114436195154048e-7,***,-1.737407734921604,-2.402978794684903,-1.071836675158305,1.9781076632418106e-20
% temporales,2024 vs promedio previo,-0.01719185452019054,0.0034755404805833627,7.554928708676521e-7,***,-1.719185452019054,-2.4003913862133928,-1.0379795178247149,1.9781076632418106e-20
% de agencias,2023 vs 2022,0.006380489375223667,0.001091090936500175,4.980955500002467e-9,***,0.6380489375223667,0.42419511396833237,0.8519027610764011,3.510532054962988e-5
% de agencias,2023 vs 2021,0.002426255651677151,0.001681007572602125,0.14892636153785654,,0.2426255651677151,-0.08685191906230139,0.5721030493977316,3.510532054962988e-5
% de agencias,2023 vs promedio previo,-7.551257126156069e-4,0.0016299581780891467,0.6431642565595355,,-0.07551257126156069,-0.3949843741670334,0.24395923164391206,3.510532054962988e-5
% de agencias,2024 vs promedio previo,-3.465152919061333e-5,0.001804042676457053,0.9846754067675589,,-0.003465152919061333,-0.3570575175046437,0.35012721166652105,3.510532054962988e-5
Salario obrero (log; OJO: es la base del Kaitz),2023 vs 2022,0.11765973760705141,0.005481510679258212,3.319062661649713e-102,***,11.76597376070514,10.691597667570532,12.84034985383975,1.0313921241749973e-248
Salario obrero (log; OJO: es la base del Kaitz),2023 vs 2021,0.0033029190091052596,0.006197740761023269,0.5940868374310198,,0.33029190091052596,-0.8844652882500347,1.5450490900710867,1.0313921241749973e-248
Salario obrero (log; OJO: es la base del Kaitz),2023 vs promedio previo,-0.03524809858026726,0.004996932527913891,1.7391230141038799e-12,***,-3.5248098580267264,-4.504208633497849,-2.5454110825556033,1.0313921241749973e-248
Salario obrero (log; OJO: es la base del Kaitz),2024 vs promedio previo,-0.005989971485944538,0.005062422866173901,0.23672106834980378,,-0.5989971485944539,-1.5912320303645384,0.3932377331756307,1.0313921241749973e-248
Salario obrero / salario admin (log),2023 vs 2022,0.10231818987209891,0.007049442808683224,9.826263400459396e-48,***,10.231818987209891,8.85012819670798,11.613509777711803,2.164097559063733e-32
Salario obrero / salario admin (log),2023 vs 2021,0.009854832680684447,0.008386980294817468,0.23998847481390329,,0.9854832680684447,-0.6583648697157791,2.6293314058526684,2.164097559063733e-32
Salario obrero / salario admin (log),2023 vs promedio previo,0.02305899977328118,0.007317669007655996,0.0016263449479505146,***,2.3058999773281177,0.8716368518275427,3.7401631028286935,2.164097559063733e-32
Salario obrero / salario admin (log),2024 vs promedio previo,0.04402116074707888,0.007693747686894079,1.0547595237378219e-8,***,4.402116074707888,2.894141528076649,5.910090621339127,2.164097559063733e-32
Costo por temporal directo (log),2023 vs 2022,0.021650186533761214,0.009824609692793059,0.02754764001285359,**,2.1650186533761215,0.23939515358868194,4.090642153163561,0.09191895352508889
Costo por temporal directo (log),2023 vs 2021,-0.0029936700360117495,0.01063702337545985,0.7783739384311826,,-0.29936700360117496,-2.384223585191305,1.7854895779889555,0.09191895352508889
Costo por temporal directo (log),2023 vs promedio previo,-0.001362945829781621,0.007889919996476804,0.8628517111808465,,-0.1362945829781621,-1.682718902287616,1.4101297363312915,0.09191895352508889
Costo por temporal directo (log),2024 vs promedio previo,0.014025185095504681,0.008020933912085042,0.08036492967533919,*,1.4025185095504682,-0.16958453721820002,2.974621556319136,0.09191895352508889
Salario administrativo (log),2023 vs 2022,0.016507082490720408,0.005827864879729652,0.004619411342140507,***,1.6507082490720408,0.5084467326450289,2.792969765499053,1.0275649531183776e-36
Salario administrativo (log),2023 vs 2021,-0.003897334525718492,0.006876191021713438,0.5708590180344695,,-0.3897334525718492,-1.737466892827683,0.9579999876839846,1.0275649531183776e-36
Salario administrativo (log),2023 vs promedio previo,-0.05777591156466084,0.006426299754832983,2.4601638029439083e-19,***,-5.777591156466084,-7.037145908413349,-4.518036404518819,1.0275649531183776e-36
Salario administrativo (log),2024 vs promedio previo,-0.048769475544446744,0.0066248479621510625,1.8171987815359068e-13,***,-4.8769475544446745,-6.175417755026283,-3.578477353863066,1.0275649531183776e-36
Hace outsourcing (indicador),2023 vs 2022,0.023564595217700452,0.005646407915231701,3.001162479980852e-5,***,2.356459521770045,1.2497635703846317,3.463155473155459,9.742743293400832e-7
Hace outsourcing (indicador),2023 vs 2021,0.0028292398058911046,0.006266344039555093,0.651630895616416,,0.28292398058911045,-0.9452794511636877,1.5111274123419087,9.742743293400832e-7
Hace outsourcing (indicador),2023 vs promedio previo,0.0042846655718199525,0.0056486705735370865,0.4481359341336109,,0.4284665571819952,-0.6786728752312737,1.5356059895952643,9.742743293400832e-7
Hace outsourcing (indicador),2024 vs promedio previo,0.0025400516528677583,0.005961160110419277,0.6700348176535664,,0.25400516528677586,-0.9143822163554025,1.4223925469289542,9.742743293400832e-7
Energía eléctrica por trabajador (log),2023 vs 2022,0.04509615092731456,0.00885366269396473,3.5150886138396056e-7,***,4.5096150927314564,2.774297204714369,6.244932980748543,1.259890868970407e-8
Energía eléctrica por trabajador (log),2023 vs 2021,0.022046169473253115,0.009610921742802425,0.021798179831435054,**,2.2046169473253117,0.320876285736036,4.0883576089145865,1.259890868970407e-8
Energía eléctrica por trabajador (log),2023 vs promedio previo,-0.007743236461693828,0.009840990856454568,0.4313784368348231,,-0.7743236461693828,-2.7031578540344783,1.1545105616957125,1.259890868970407e-8
Energía eléctrica por trabajador (log),2024 vs promedio previo,0.010733971600516557,0.010645909116837613,0.3133239225760382,,1.0733971600516556,-1.0132010268485163,3.159995346951828,1.259890868970407e-8
"Productividad (VA / trabajador, log)",2023 vs 2022,0.03738420888231083,0.008693288273989378,1.705262065535186e-5,***,3.738420888231083,2.034536386529165,5.442305389933002,8.383552481208073e-16
"Productividad (VA / trabajador, log)",2023 vs 2021,0.0016962761015254513,0.01273148745923939,0.8940077570802502,,0.16962761015254513,-2.325743931858375,2.6649991521634653,8.383552481208073e-16
"Productividad (VA / trabajador, log)",2023 vs promedio previo,-0.04306722061481699,0.01057134923305828,4.62210490911059e-5,***,-4.3067220614816994,-6.3787065111611225,-2.2347376118022764,8.383552481208073e-16
"Productividad (VA / trabajador, log)",2024 vs promedio previo,-0.014026853897807327,0.011181717460449063,0.20968016399090283,,-1.4026853897807328,-3.5943020120287494,0.7889312324672836,8.383552481208073e-16
Empleo por unidad de ventas (log),2023 vs 2022,-0.035209538428046014,0.006685723774387296,1.3914279232473573e-7,***,-3.520953842804601,-4.831355702584511,-2.2105519830246916,2.9585272632309602e-24
Empleo por unidad de ventas (log),2023 vs 2021,0.010473025745666921,0.007680820973290763,0.17271570343524198,,1.0473025745666922,-0.45813833619829747,2.5527434853316815,2.9585272632309602e-24
Empleo por unidad de ventas (log),2023 vs promedio previo,0.03981521720514304,0.007596449510727019,1.5945533661094355e-7,***,3.981521720514304,2.4926176164118083,5.470425824616799,2.9585272632309602e-24
Empleo por unidad de ventas (log),2024 vs promedio previo,0.021549625595669405,0.00825773795002968,0.009064068350663953,***,2.1549625595669406,0.5364459213611235,3.7734791977727578,2.9585272632309602e-24
Producción bruta (log),2023 vs 2022,0.030754938026207025,0.00887330255110053,5.282474734985848e-4,***,3.0754938026207026,1.3363265026049989,4.814661102636406,1.3790774137831548e-29
Producción bruta (log),2023 vs 2021,-0.031247063916024054,0.01021931617222378,0.002230820145194043,***,-3.1247063916024054,-5.127692361358266,-1.1217204218465444,1.3790774137831548e-29
Producción bruta (log),2023 vs promedio previo,-0.08661938551574858,0.010921603915354296,2.17364999060406e-15,***,-8.661938551574858,-10.8025729189843,-6.521304184165416,1.3790774137831548e-29
Producción bruta (log),2024 vs promedio previo,-0.06537869237159727,0.011334595283037386,8.018645923496592e-9,***,-6.537869237159727,-8.759449912635056,-4.316288561684399,1.3790774137831548e-29
Valor agregado (log),2023 vs 2022,0.02972856834200141,0.010698233796568514,0.00545551414419731,***,2.972856834200141,0.8760030100727123,5.06971065832757,3.448931320299409e-21
Valor agregado (log),2023 vs 2021,-0.017735517231721697,0.01415917901304722,0.21035826845065425,,-1.7735517231721696,-4.548750809729425,1.0016473633850855,3.448931320299409e-21
Valor agregado (log),2023 vs promedio previo,-0.08825440531902466,0.013285882246799493,3.079450036671964e-11,***,-8.825440531902466,-11.429473452275166,-6.221407611529766,3.448931320299409e-21
Valor agregado (log),2024 vs promedio previo,-0.05813578433171429,0.013879417674588567,2.8064004823955225e-5,***,-5.813578433171429,-8.53394429739079,-3.0932125689520698,3.448931320299409e-21
Ventas (log),2023 vs 2022,0.02756147844852696,0.008668880749633017,0.001476014879423349,***,2.7561478448526957,1.0570472179246244,4.455248471780767,4.830028544582679e-28
Ventas (log),2023 vs 2021,-0.03008506229479651,0.01015397573160009,0.0030477041825735275,***,-3.008506229479651,-4.998685472873269,-1.0183269860860333,4.830028544582679e-28
Ventas (log),2023 vs promedio previo,-0.08505629888416866,0.010857396015491521,4.727763798633676e-15,***,-8.505629888416866,-10.633679507453204,-6.377580269380529,4.830028544582679e-28
Ventas (log),2024 vs promedio previo,-0.0651637873686036,0.011316935017887306,8.507736418567306e-9,***,-6.516378736860361,-8.734498000366273,-4.298259473354449,4.830028544582679e-28
