resultado,quintil,anio,efecto_pct,ic95_inf_pct,ic95_sup_pct
Costo laboral por trabajador (log),2,2015,0.7650661064516596,-2.308866908693475,3.8389991215967942
Costo laboral por trabajador (log),2,2016,2.018948870511703,-1.2678141968132703,5.305711937836676
Costo laboral por trabajador (log),2,2017,2.2365426220254823,-0.7644555196931593,5.237540763744124
Costo laboral por trabajador (log),2,2018,0.028118964245168673,-2.6481154694806617,2.704353397970999
Costo laboral por trabajador (log),2,2019,0.860497126707422,-1.8445171132646505,3.565511366679494
Costo laboral por trabajador (log),2,2021,-0.2947668620180213,-2.7692267887120523,2.1796930646760098
Costo laboral por trabajador (log),2,2022,0,0,0
Costo laboral por trabajador (log),2,2023,1.9277946077153534,-0.581632476772842,4.437221692203549
Costo laboral por trabajador (log),2,2024,1.5440322173732872,-0.6440995977771431,3.7321640325237175
Costo laboral por trabajador (log),3,2015,6.654840475012611,3.6112931324636013,9.69838781756162
Costo laboral por trabajador (log),3,2016,8.333006942053515,5.203871923165154,11.462141960941876
Costo laboral por trabajador (log),3,2017,5.958785709501708,2.9616012688511533,8.955970150152263
Costo laboral por trabajador (log),3,2018,5.27477796107989,2.6997906487354526,7.849765273424328
Costo laboral por trabajador (log),3,2019,4.897311746786941,2.2441226476257374,7.550500845948144
Costo laboral por trabajador (log),3,2021,2.3110781345727993,-0.16161896449694185,4.78377523364254
Costo laboral por trabajador (log),3,2022,0,0,0
Costo laboral por trabajador (log),3,2023,4.957802169391674,2.349514149623502,7.566090189159846
Costo laboral por trabajador (log),3,2024,5.180689573521832,2.8882103301114443,7.473168816932219
Costo laboral por trabajador (log),4,2015,8.713857048737585,5.560490432385466,11.867223665089705
Costo laboral por trabajador (log),4,2016,10.012832911891866,6.744992578605835,13.280673245177898
Costo laboral por trabajador (log),4,2017,10.477058964112922,7.264499051657956,13.689618876567888
Costo laboral por trabajador (log),4,2018,7.406167062763999,4.639226906210957,10.17310721931704
Costo laboral por trabajador (log),4,2019,5.829654488127933,3.1050349043011893,8.554274071954678
Costo laboral por trabajador (log),4,2021,3.237092300380271,0.5574853613755641,5.916699239384978
Costo laboral por trabajador (log),4,2022,0,0,0
Costo laboral por trabajador (log),4,2023,3.0973066408757797,0.6356728827395723,5.558940399011987
Costo laboral por trabajador (log),4,2024,5.51395860752261,3.072514217500763,7.955402997544455
Costo laboral por trabajador (log),5,2015,17.54193124994786,14.160855243048653,20.92300725684707
Costo laboral por trabajador (log),5,2016,17.07590605967231,13.682830338717853,20.46898178062677
Costo laboral por trabajador (log),5,2017,16.738626501182804,13.486199954892964,19.991053047472647
Costo laboral por trabajador (log),5,2018,13.232154613428898,10.266445755645714,16.19786347121208
Costo laboral por trabajador (log),5,2019,11.681116114195154,8.828850765433263,14.533381462957045
Costo laboral por trabajador (log),5,2021,9.248709923452301,6.186417443654489,12.311002403250114
Costo laboral por trabajador (log),5,2022,0,0,0
Costo laboral por trabajador (log),5,2023,8.205289289549777,5.496446969347284,10.91413160975227
Costo laboral por trabajador (log),5,2024,11.957581978172003,9.434882062928601,14.480281893415405
Empleo permanente (log),2,2015,-2.232999350428995,-10.227164947527873,5.761166246669883
Empleo permanente (log),2,2016,-2.5150050703276494,-9.899149930489507,4.8691397898342075
Empleo permanente (log),2,2017,-0.5534490700690228,-7.517929232431723,6.411031092293677
Empleo permanente (log),2,2018,-1.6251066278259598,-7.522146596221221,4.271933340569301
Empleo permanente (log),2,2019,-0.9969007286964617,-6.2806714292710035,4.2868699718780805
Empleo permanente (log),2,2021,-4.40209997700581,-8.338643926521785,-0.4655560274898343
Empleo permanente (log),2,2022,0,0,0
Empleo permanente (log),2,2023,1.5544442911308285,-2.0643016789745428,5.1731902612362
Empleo permanente (log),2,2024,-0.4264192693072426,-5.23226434468279,4.379425806068305
Empleo permanente (log),3,2015,-4.636116525841319,-12.807754569572644,3.535521517890005
Empleo permanente (log),3,2016,-6.822538915772427,-14.29886998021394,0.6537921486690856
Empleo permanente (log),3,2017,-4.891353655693132,-11.784818452669214,2.002111141282948
Empleo permanente (log),3,2018,-5.069839740503366,-11.026454857503154,0.8867753764964202
Empleo permanente (log),3,2019,-3.5771778342742153,-8.838478719079863,1.6841230505314324
Empleo permanente (log),3,2021,-1.9739998709685111,-5.5471855725559385,1.5991858306189162
Empleo permanente (log),3,2022,0,0,0
Empleo permanente (log),3,2023,-3.4606372824182503,-7.295972756196228,0.3746981913597285
Empleo permanente (log),3,2024,-2.414769866869265,-7.053476834870071,2.22393710113154
Empleo permanente (log),4,2015,-4.2429417231681334,-12.720840533550714,4.234957087214449
Empleo permanente (log),4,2016,-4.959878973325871,-12.649094905386626,2.729336958734886
Empleo permanente (log),4,2017,-1.2533716075300083,-8.222549426656535,5.715806211596518
Empleo permanente (log),4,2018,-0.23087329740812262,-6.332466862445744,5.870720267629499
Empleo permanente (log),4,2019,0.1372142750347742,-5.288675891589488,5.5631044416590365
Empleo permanente (log),4,2021,-1.057776045367563,-4.810449985254133,2.694897894519007
Empleo permanente (log),4,2022,0,0,0
Empleo permanente (log),4,2023,-1.5381041210832482,-5.4631466150714605,2.386938372904964
Empleo permanente (log),4,2024,-3.1804279818179015,-8.091333393831789,1.7304774301959855
Empleo permanente (log),5,2015,2.7170367797990815,-6.033801861130611,11.467875420728774
Empleo permanente (log),5,2016,0.3244755253522316,-7.612045948087727,8.26099699879219
Empleo permanente (log),5,2017,1.5246590948317527,-5.89927736619323,8.948595555856736
Empleo permanente (log),5,2018,-0.3778608779996383,-6.968572590500824,6.2128508345015465
Empleo permanente (log),5,2019,-3.5257142451041377,-9.311621562631478,2.260193072423202
Empleo permanente (log),5,2021,-3.2084205462189623,-7.412644582872259,0.995803490434334
Empleo permanente (log),5,2022,0,0,0
Empleo permanente (log),5,2023,-4.601807413686728,-8.667064668284791,-0.5365501590886654
Empleo permanente (log),5,2024,-5.568826455691974,-10.611445765048419,-0.5262071463355299
Empleo total (log),2,2015,5.735976965989652,-0.3931252271072924,11.865079159086596
Empleo total (log),2,2016,7.378547645974115,1.606570666000142,13.150524625948087
Empleo total (log),2,2017,6.031419274769211,0.593567261666409,11.469271287872013
Empleo total (log),2,2018,2.338950770652109,-2.4497548554493322,7.12765639675355
Empleo total (log),2,2019,2.3939576779507434,-1.8722226651629446,6.660138021064432
Empleo total (log),2,2021,-0.5824856903155595,-3.603520901580652,2.438549520949533
Empleo total (log),2,2022,0,0,0
Empleo total (log),2,2023,1.6049398770186782,-1.419803783747247,4.6296835377846035
Empleo total (log),2,2024,-1.5494854058840282,-5.510575032278974,2.4116042205109176
Empleo total (log),3,2015,7.4698250198242695,1.17422395595575,13.76542608369279
Empleo total (log),3,2016,7.508623135959527,1.5840300982967528,13.433216173622304
Empleo total (log),3,2017,7.7329896655288515,2.236314868197036,13.229664462860665
Empleo total (log),3,2018,4.7204654281597005,-0.16181079908170193,9.602741655401102
Empleo total (log),3,2019,2.7853935788548867,-1.527397427926183,7.0981845856359564
Empleo total (log),3,2021,0.575949154479237,-2.4021556177050254,3.5540539266634994
Empleo total (log),3,2022,0,0,0
Empleo total (log),3,2023,-1.792175463860704,-5.191084469226466,1.6067335415050572
Empleo total (log),3,2024,0.46412377201500293,-3.634502881005186,4.562750425035192
Empleo total (log),4,2015,13.89320848882026,7.624976618986314,20.161440358654207
Empleo total (log),4,2016,14.177220125223808,8.287567433274,20.066872817173614
Empleo total (log),4,2017,12.23459155562594,6.765631037315859,17.70355207393602
Empleo total (log),4,2018,10.210206516552935,5.319189064875789,15.101223968230078
Empleo total (log),4,2019,6.94087661062322,2.6180431052250617,11.263710116021377
Empleo total (log),4,2021,2.451831112973758,-0.43099048477123236,5.334652710718749
Empleo total (log),4,2022,0,0,0
Empleo total (log),4,2023,-1.3747089231246061,-4.794138290641487,2.044720444392275
Empleo total (log),4,2024,-2.2080017169451254,-6.421275568930515,2.005272135040264
Empleo total (log),5,2015,20.166314928013428,13.500068594291099,26.83256126173576
Empleo total (log),5,2016,18.40373097161569,12.20930588710534,24.598156056126037
Empleo total (log),5,2017,16.724741771166357,10.895552690811943,22.55393085152077
Empleo total (log),5,2018,11.053422798006707,5.817447961522787,16.289397634490626
Empleo total (log),5,2019,7.770840564375877,3.224308685217494,12.31737244353426
Empleo total (log),5,2021,3.332978313421939,0.061969180890211056,6.603987445953666
Empleo total (log),5,2022,0,0,0
Empleo total (log),5,2023,-0.7677235624282617,-4.061889441992278,2.526442317135755
Empleo total (log),5,2024,-1.9377088695984952,-6.137395919329855,2.2619781801328647
