anio,coeficiente,error_estandar,ic95_inferior,ic95_superior
2015,0.06846983931475918,0.0060877947916912435,0.05653776152304434,0.08040191710647401
2016,0.06713178480355818,0.006098390370446988,0.05517893967748208,0.07908462992963428
2017,0.06457465944914542,0.005826023106701335,0.05315565416001081,0.07599366473828004
2018,0.053737116236336945,0.005445434723006302,0.04306406417924459,0.0644101682934293
2019,0.04675606619881761,0.005272166348115397,0.03642262015651143,0.05708951224112378
2021,0.034344954891530347,0.005730134253207504,0.02311389175524364,0.04557601802781705
2022,0,0,0,0
2023,0.032682055127699824,0.004877932867957548,0.02312130670650303,0.04224280354889662
2024,0.04513161488557327,0.00490233183860314,0.03552304448191111,0.054740185289235424
