outcome,lectura,efecto_pct,ic95_inf_pct,ic95_sup_pct,p_valor,significancia,p_previos,observaciones
log_costo,A. Cambio 2022 -> 2023,4.037858328405716,2.9224834891145886,5.153233167696844,1.2883440175035734e-12,***,1.2485835877343707e-35,44614
log_costo,B. Salto 2023 ajustado por tendencia previa,4.7902822990389256,3.59600453130232,5.984560066775531,3.792087756307488e-15,***,1.2485835877343707e-35,44614
log_costo,C. DiD simple (promedio post - pre),-0.9998589518100987,-1.7789196903299407,-0.22079821329025656,0.011917031610466592,**,1.2485835877343707e-35,44614
log_costo,D. 2023 frente a 2021,0.20405316300220883,-1.101298583837372,1.5094049098417894,0.7593091923384682,,1.2485835877343707e-35,44614
log_costo,2023 vs promedio previo,-1.8028618743221574,-2.7557515881084163,-0.8499721605358989,2.0864814986140136e-4,***,1.2485835877343707e-35,44614
log_costo,2024 vs promedio previo,-0.29489301886073577,-1.1474185922746885,0.5576325545532168,0.49778807157188226,,1.2485835877343707e-35,44614
log_empleo,A. Cambio 2022 -> 2023,-1.753619060279106,-2.9449711618381054,-0.5622669587201066,0.003913692639473987,***,0.4551081625903587,44615
log_empleo,B. Salto 2023 ajustado por tendencia previa,-1.4309371086723994,-2.8258576809198654,-0.03601653642493329,0.04436700940707031,**,0.4551081625903587,44615
log_empleo,C. DiD simple (promedio post - pre),-0.965716431515013,-2.4374206080090817,0.5059877449790556,0.19845580421099204,,0.4551081625903587,44615
log_empleo,D. 2023 frente a 2021,-0.9716959806494138,-2.397667277676749,0.4542753163779214,0.18168077078267672,,0.4551081625903587,44615
log_empleo,2023 vs promedio previo,-0.8064468674523555,-2.3793416253293405,0.7664478904246297,0.31493461995544975,,0.4551081625903587,44615
log_empleo,2024 vs promedio previo,-1.1261254722167666,-2.8157103905185084,0.5634594460849749,0.19143020776384498,,0.4551081625903587,44615
log_permanente,A. Cambio 2022 -> 2023,-2.2728691439081294,-3.9867452881315644,-0.5589929996846945,0.009342278789421987,***,2.936061671297341e-4,43675
log_permanente,B. Salto 2023 ajustado por tendencia previa,-3.078624210963932,-4.950087153721028,-1.2071612682068362,0.0012629387784135083,***,2.936061671297341e-4,43675
log_permanente,C. DiD simple (promedio post - pre),1.546320099297642,-0.4728181469989885,3.5654583455942723,0.13340971591504247,,2.936061671297341e-4,43675
log_permanente,D. 2023 frente a 2021,-0.2765045744900763,-2.2327453021697314,1.679736153189579,0.7817525185871935,,2.936061671297341e-4,43675
log_permanente,2023 vs promedio previo,1.8708209440441728,-0.19403666350138182,3.9356785515897275,0.07576310007969123,*,2.936061671297341e-4,43675
log_permanente,2024 vs promedio previo,1.4607086793641026,-0.8375429232903152,3.7589602820185206,0.21286544670414762,,2.936061671297341e-4,43675
