resultado,lectura,quintil,efecto_pct,ic95_inf_pct,ic95_sup_pct,p_valor,significancia,p_previos,observaciones
Costo laboral por trabajador (log),2023 vs 2021,2,2.2225614697333747,-0.8373287248606632,5.282451664327413,0.15454707551519112,,3.0911092305489794e-26,44614
Costo laboral por trabajador (log),2023 vs 2021,3,2.646724034818875,-0.5404493026927449,5.833897372330496,0.10360068998715087,,3.0911092305489794e-26,44614
Costo laboral por trabajador (log),2023 vs 2021,4,-0.1397856595044912,-3.197961774560577,2.9183904555515943,0.9286135784278945,,3.0911092305489794e-26,44614
Costo laboral por trabajador (log),2023 vs 2021,5,-1.0434206339025254,-4.620393202910444,2.5335519351053937,0.5674969669336087,,3.0911092305489794e-26,44614
Costo laboral por trabajador (log),2023 vs 2022,2,1.9277946077153534,-0.581632476772842,4.437221692203549,0.13214081948508583,,3.0911092305489794e-26,44614
Costo laboral por trabajador (log),2023 vs 2022,3,4.957802169391674,2.349514149623502,7.566090189159846,1.9489431232404752e-4,***,3.0911092305489794e-26,44614
Costo laboral por trabajador (log),2023 vs 2022,4,3.0973066408757797,0.6356728827395723,5.558940399011987,0.013657987105680643,**,3.0911092305489794e-26,44614
Costo laboral por trabajador (log),2023 vs 2022,5,8.205289289549777,5.496446969347284,10.91413160975227,2.9030416928658026e-9,***,3.0911092305489794e-26,44614
Costo laboral por trabajador (log),2023 vs promedio previo,2,1.12573648944058,-1.381590203856778,3.633063182737938,0.37886016747665174,,3.0911092305489794e-26,44614
Costo laboral por trabajador (log),2023 vs promedio previo,3,0.18211631667632272,-2.493464641535682,2.8576972748883276,0.8938695140811443,,3.0911092305489794e-26,44614
Costo laboral por trabajador (log),2023 vs promedio previo,4,-3.4279308985548735,-5.868706174414587,-0.98715562269516,0.005910437032796474,***,3.0911092305489794e-26,44614
Costo laboral por trabajador (log),2023 vs promedio previo,5,-4.011631347861557,-6.667397102561462,-1.3558655931616517,0.0030698887816843607,***,3.0911092305489794e-26,44614
Costo laboral por trabajador (log),2024 vs 2022,2,1.5440322173732872,-0.6440995977771431,3.7321640325237175,0.16664849289733935,,3.0911092305489794e-26,44614
Costo laboral por trabajador (log),2024 vs 2022,3,5.180689573521832,2.8882103301114443,7.473168816932219,9.452543416307943e-6,***,3.0911092305489794e-26,44614
Costo laboral por trabajador (log),2024 vs 2022,4,5.51395860752261,3.072514217500763,7.955402997544455,9.571890618036645e-6,***,3.0911092305489794e-26,44614
Costo laboral por trabajador (log),2024 vs 2022,5,11.957581978172003,9.434882062928601,14.480281893415405,1.5372709734091576e-20,***,3.0911092305489794e-26,44614
Empleo permanente (log),2023 vs 2021,2,5.956544268136638,1.1562489206338518,10.756839615639425,0.015011316489596156,**,0.3715539280140067,43675
Empleo permanente (log),2023 vs 2021,3,-1.4866374114497392,-6.240429655859129,3.26715483295965,0.5399132441996464,,0.3715539280140067,43675
Empleo permanente (log),2023 vs 2021,4,-0.48032807571568514,-5.259603654696643,4.298947503265273,0.8438396971270211,,0.3715539280140067,43675
Empleo permanente (log),2023 vs 2021,5,-1.3933868674677656,-6.50869635049035,3.7219226155548193,0.5934141675328283,,0.3715539280140067,43675
Empleo permanente (log),2023 vs 2022,2,1.5544442911308285,-2.0643016789745428,5.1731902612362,0.3998302280814345,,0.3715539280140067,43675
Empleo permanente (log),2023 vs 2022,3,-3.4606372824182503,-7.295972756196228,0.3746981913597285,0.07697481378046976,*,0.3715539280140067,43675
Empleo permanente (log),2023 vs 2022,4,-1.5381041210832482,-5.4631466150714605,2.386938372904964,0.44244912705931955,,0.3715539280140067,43675
Empleo permanente (log),2023 vs 2022,5,-4.601807413686728,-8.667064668284791,-0.5365501590886654,0.02650787352263096,**,0.3715539280140067,43675
Empleo permanente (log),2023 vs promedio previo,2,3.3152386946099566,-1.7049997744099301,8.335477163629843,0.19554990506973607,,0.3715539280140067,43675
Empleo permanente (log),2023 vs promedio previo,3,0.39236650944645973,-4.723267837558401,5.50800085645132,0.8805034869946324,,0.3715539280140067,43675
Empleo permanente (log),2023 vs promedio previo,4,0.12012836059745527,-5.245440236709869,5.485696957904779,0.9649985071364411,,0.3715539280140067,43675
Empleo permanente (log),2023 vs promedio previo,5,-4.238118232352489,-9.644865040692235,1.1686285759872566,0.1244500112686452,,0.3715539280140067,43675
Empleo permanente (log),2024 vs 2022,2,-0.4264192693072426,-5.23226434468279,4.379425806068305,0.8619366431123194,,0.3715539280140067,43675
Empleo permanente (log),2024 vs 2022,3,-2.414769866869265,-7.053476834870071,2.22393710113154,0.3075784130584252,,0.3715539280140067,43675
Empleo permanente (log),2024 vs 2022,4,-3.1804279818179015,-8.091333393831789,1.7304774301959855,0.2043176356756585,,0.3715539280140067,43675
Empleo permanente (log),2024 vs 2022,5,-5.568826455691974,-10.611445765048419,-0.5262071463355299,0.030423710740577165,**,0.3715539280140067,43675
Empleo total (log),2023 vs 2021,2,2.1874255673342375,-1.363928564246568,5.738779698915043,0.22733784906945237,,4.899592498446738e-5,44615
Empleo total (log),2023 vs 2021,3,-2.368124618339941,-6.392317260561684,1.6560680238818022,0.24874415577872488,,4.899592498446738e-5,44615
Empleo total (log),2023 vs 2021,4,-3.8265400360983644,-7.6549241306169815,0.0018440584202528143,0.05010623992920236,*,4.899592498446738e-5,44615
Empleo total (log),2023 vs 2021,5,-4.1007018758502,-8.160039016889877,-0.041364734810523524,0.047706625229635716,**,4.899592498446738e-5,44615
Empleo total (log),2023 vs 2022,2,1.6049398770186782,-1.419803783747247,4.6296835377846035,0.2983477723488629,,4.899592498446738e-5,44615
Empleo total (log),2023 vs 2022,3,-1.792175463860704,-5.191084469226466,1.6067335415050572,0.3013849084092869,,4.899592498446738e-5,44615
Empleo total (log),2023 vs 2022,4,-1.3747089231246061,-4.794138290641487,2.044720444392275,0.43071053665711007,,4.899592498446738e-5,44615
Empleo total (log),2023 vs 2022,5,-0.7677235624282617,-4.061889441992278,2.526442317135755,0.647822834222878,,4.899592498446738e-5,44615
Empleo total (log),2023 vs promedio previo,2,-1.7231125008413604,-5.682138498570003,2.2359134968872825,0.39362410130968545,,4.899592498446738e-5,44615
Empleo total (log),2023 vs promedio previo,3,-6.191210604261629,-10.409728301180913,-1.9726929073423451,0.004020497917797861,***,4.899592498446738e-5,44615
Empleo total (log),2023 vs promedio previo,4,-9.932985267384595,-14.307768945709626,-5.558201589059564,8.579138062410154e-6,***,4.899592498446738e-5,44615
Empleo total (log),2023 vs promedio previo,5,-11.832299183371118,-16.237774819338156,-7.426823547404079,1.408008375611518e-7,***,4.899592498446738e-5,44615
Empleo total (log),2024 vs 2022,2,-1.5494854058840282,-5.510575032278974,2.4116042205109176,0.44325630359366774,,4.899592498446738e-5,44615
Empleo total (log),2024 vs 2022,3,0.46412377201500293,-3.634502881005186,4.562750425035192,0.824354248793782,,4.899592498446738e-5,44615
Empleo total (log),2024 vs 2022,4,-2.2080017169451254,-6.421275568930515,2.005272135040264,0.30434770035554476,,4.899592498446738e-5,44615
Empleo total (log),2024 vs 2022,5,-1.9377088695984952,-6.137395919329855,2.2619781801328647,0.3658196365480536,,4.899592498446738e-5,44615
