resultado,supuesto,parametro,efecto_2023_pct,lb_pct,ub_pct,excluye_cero,ic_abierto,p_previos
Costo laboral por trabajador (log),Original (tendencias paralelas exactas),0,3.2692097377388096,2.3126804505900496,4.225739024887569,TRUE,FALSE,1.746349542278937e-28
Costo laboral por trabajador (log),Suavidad (M),0,3.2692097377388096,1.905064484102514,3.8135737390815576,TRUE,FALSE,1.746349542278937e-28
Costo laboral por trabajador (log),Suavidad (M),0.0025,3.2692097377388096,3.8950373992547584,6.83019140632409,TRUE,FALSE,1.746349542278937e-28
Costo laboral por trabajador (log),Suavidad (M),0.005,3.2692097377388096,4.072882277263851,7.697190168981064,TRUE,FALSE,1.746349542278937e-28
Costo laboral por trabajador (log),Suavidad (M),0.0075,3.2692097377388096,4.003518277538185,8.284314594072193,TRUE,FALSE,1.746349542278937e-28
Costo laboral por trabajador (log),Suavidad (M),0.01,3.2692097377388096,4.040484529758361,8.912952742795186,TRUE,FALSE,1.746349542278937e-28
Costo laboral por trabajador (log),Magnitudes relativas (Mbar),0,3.2692097377388096,2.3351382042994335,4.2110651299291035,TRUE,TRUE,1.746349542278937e-28
Costo laboral por trabajador (log),Magnitudes relativas (Mbar),0.25,3.2692097377388096,1.6512065126636166,5.031783159892086,TRUE,TRUE,1.746349542278937e-28
Costo laboral por trabajador (log),Magnitudes relativas (Mbar),0.5,3.2692097377388096,0.7914066717500168,6.067451150083467,TRUE,TRUE,1.746349542278937e-28
Costo laboral por trabajador (log),Magnitudes relativas (Mbar),0.75,3.2692097377388096,-0.14655679106481828,7.083578234799537,FALSE,TRUE,1.746349542278937e-28
Costo laboral por trabajador (log),Magnitudes relativas (Mbar),1,3.2692097377388096,-1.16268387578089,8.158328035941537,FALSE,TRUE,1.746349542278937e-28
Costo laboral por trabajador (log),Magnitudes relativas (Mbar),1.25,3.2692097377388096,-2.19835186597227,9.233077837083536,FALSE,TRUE,1.746349542278937e-28
Costo laboral por trabajador (log),Magnitudes relativas (Mbar),1.5,3.2692097377388096,-3.25356076163896,9.76068228491688,FALSE,TRUE,1.746349542278937e-28
Costo laboral por trabajador (log),Magnitudes relativas (Mbar),1.75,3.2692097377388096,-4.30876965730565,9.76068228491688,FALSE,TRUE,1.746349542278937e-28
Costo laboral por trabajador (log),Magnitudes relativas (Mbar),2,3.2692097377388096,-5.3835194584476485,9.76068228491688,FALSE,TRUE,1.746349542278937e-28
Empleo total (log),Original (tendencias paralelas exactas),0,-0.7658885731453565,-1.894783704547883,0.3630065582571701,FALSE,FALSE,3.420341006203403e-7
Empleo total (log),Suavidad (M),0,-0.7658885731453565,-0.9801852867066337,1.4709487191857684,FALSE,FALSE,3.420341006203403e-7
Empleo total (log),Suavidad (M),0.0025,-0.7658885731453565,-1.0713265119787292,2.1173213638065187,FALSE,FALSE,3.420341006203403e-7
Empleo total (log),Suavidad (M),0.005,-0.7658885731453565,-1.4012211277321227,2.379569346423918,FALSE,FALSE,3.420341006203403e-7
Empleo total (log),Suavidad (M),0.0075,-0.7658885731453565,-1.7120297465633416,2.6318967146011856,FALSE,FALSE,3.420341006203403e-7
Empleo total (log),Suavidad (M),0.01,-0.7658885731453565,-1.970516911451777,2.873607229418184,FALSE,FALSE,3.420341006203403e-7
Empleo total (log),Magnitudes relativas (Mbar),0,-0.7658885731453565,-1.8795661754198612,0.33440134409310346,FALSE,FALSE,3.420341006203403e-7
Empleo total (log),Magnitudes relativas (Mbar),0.25,-0.7658885731453565,-2.2024364386821675,0.7033959306785977,FALSE,FALSE,3.420341006203403e-7
Empleo total (log),Magnitudes relativas (Mbar),0.5,-0.7658885731453565,-2.6636796719140348,1.1877013255720574,FALSE,FALSE,3.420341006203403e-7
Empleo total (log),Magnitudes relativas (Mbar),0.75,-0.7658885731453565,-3.194109390130684,1.7411932054503003,FALSE,FALSE,3.420341006203403e-7
Empleo total (log),Magnitudes relativas (Mbar),1,-0.7658885731453565,-3.7937255933321117,2.3408094086517286,FALSE,FALSE,3.420341006203403e-7
Empleo total (log),Magnitudes relativas (Mbar),1.25,-0.7658885731453565,-4.416403958195132,2.9865499351763414,FALSE,FALSE,3.420341006203403e-7
Empleo total (log),Magnitudes relativas (Mbar),1.5,-0.7658885731453565,-5.062144484719747,3.6322904617009573,FALSE,FALSE,3.420341006203403e-7
Empleo total (log),Magnitudes relativas (Mbar),1.75,-0.7658885731453565,-5.707885011244362,4.278030988225573,FALSE,FALSE,3.420341006203403e-7
Empleo total (log),Magnitudes relativas (Mbar),2,-0.7658885731453565,-6.353625537768975,4.94683367641178,FALSE,FALSE,3.420341006203403e-7
Empleo permanente (log),Original (tendencias paralelas exactas),0,-1.861636588500669,-3.4275724242772134,-0.2957007527241241,TRUE,FALSE,0.5122612914619249
Empleo permanente (log),Suavidad (M),0,-1.861636588500669,-3.2268647196527396,0.0522917776663738,FALSE,FALSE,0.5122612914619249
Empleo permanente (log),Suavidad (M),0.0025,-1.861636588500669,-3.981645976898688,0.31641048945002037,FALSE,FALSE,0.5122612914619249
Empleo permanente (log),Suavidad (M),0.005,-1.861636588500669,-4.797354236113557,0.16833783948963857,FALSE,FALSE,0.5122612914619249
Empleo permanente (log),Suavidad (M),0.0075,-1.861636588500669,-5.1390936377754395,0.41261427710636706,FALSE,FALSE,0.5122612914619249
Empleo permanente (log),Suavidad (M),0.01,-1.861636588500669,-5.460358585292355,0.6503615254155409,FALSE,FALSE,0.5122612914619249
Empleo permanente (log),Magnitudes relativas (Mbar),0,-1.861636588500669,-3.406983126886254,-0.30390929300863345,TRUE,FALSE,0.5122612914619249
Empleo permanente (log),Magnitudes relativas (Mbar),0.25,-1.861636588500669,-3.6309162901557737,-0.07997612973911494,TRUE,FALSE,0.5122612914619249
Empleo permanente (log),Magnitudes relativas (Mbar),0.5,-1.861636588500669,-3.9188303572165837,0.23992838921734205,FALSE,FALSE,0.5122612914619249
Empleo permanente (log),Magnitudes relativas (Mbar),0.75,-1.861636588500669,-4.3027157799643305,0.6558042638607348,FALSE,FALSE,0.5122612914619249
Empleo permanente (log),Magnitudes relativas (Mbar),1,-1.861636588500669,-4.814563010294659,1.1676514941910632,FALSE,FALSE,0.5122612914619249
Empleo permanente (log),Magnitudes relativas (Mbar),1.25,-1.861636588500669,-5.39039114441628,1.743479628312683,FALSE,FALSE,0.5122612914619249
Empleo permanente (log),Magnitudes relativas (Mbar),1.5,-1.861636588500669,-5.9662192785379,2.35129821432995,FALSE,FALSE,0.5122612914619249
Empleo permanente (log),Magnitudes relativas (Mbar),1.75,-1.861636588500669,-6.574037864555166,2.9271263484515697,FALSE,FALSE,0.5122612914619249
Empleo permanente (log),Magnitudes relativas (Mbar),2,-1.861636588500669,-7.149865998676787,3.534944934468837,FALSE,FALSE,0.5122612914619249
