variable,etiqueta,control,anio,efecto_pct,ic95_inf_pct,ic95_sup_pct,p_valor,p_previos,observaciones
log_costo,Costo laboral,Sin control por tamaño,2015,6.8454519589856435,5.65205518805846,8.038848729912825,5.50069389216074e-29,1.746349542278937e-28,44614
log_costo,Costo laboral,Sin control por tamaño,2016,6.711616800938934,5.516138580220317,7.90709502165755,7.526080150747667e-28,1.746349542278937e-28,44614
log_costo,Costo laboral,Sin control por tamaño,2017,6.4558144841406,5.313563864364945,7.598065103916254,3.373191828921567e-28,1.746349542278937e-28,44614
log_costo,Costo laboral,Sin control por tamaño,2018,5.372758018857912,4.3051124551307,6.440403582585123,9.577132221361076e-23,1.746349542278937e-28,44614
log_costo,Costo laboral,Sin control por tamaño,2019,4.675816148110322,3.642166540380023,5.709465755840623,1.028959669207699e-18,1.746349542278937e-28,44614
log_costo,Costo laboral,Sin control por tamaño,2021,3.4351094437371548,2.311257899844859,4.55896098762945,2.230819764745948e-9,1.746349542278937e-28,44614
log_costo,Costo laboral,Sin control por tamaño,2022,0,0,0,NA,1.746349542278937e-28,44614
log_costo,Costo laboral,Sin control por tamaño,2023,3.2692097377388096,2.3126628738169557,4.225756601660664,2.329346746895565e-11,1.746349542278937e-28,44614
log_costo,Costo laboral,Sin control por tamaño,2024,4.5130245607037915,3.551785073857566,5.474264047550016,5.0063738877914813e-20,1.746349542278937e-28,44614
log_costo,Costo laboral,Con control por tamaño,2015,8.353864739953558,7.050562434332995,9.65716704557412,1.1317733027718892e-35,1.2485835877343707e-35,44614
log_costo,Costo laboral,Con control por tamaño,2016,8.112566177115303,6.783445074563689,9.441687279666917,1.504414454216841e-32,1.2485835877343707e-35,44614
log_costo,Costo laboral,Con control por tamaño,2017,7.969811552468244,6.7140815561422125,9.225541548794276,5.110384659344236e-35,1.2485835877343707e-35,44614
log_costo,Costo laboral,Con control por tamaño,2018,6.759699518938832,5.58448872997531,7.934910307902353,3.9044634675600315e-29,1.2485835877343707e-35,44614
log_costo,Costo laboral,Con control por tamaño,2019,5.855294265215675,4.7117361152189545,6.9988524152123945,1.7528634036869224e-23,1.2485835877343707e-35,44614
log_costo,Costo laboral,Con control por tamaño,2021,3.8338051654035072,2.606366443881332,5.061243886925683,9.938641470237473e-10,1.2485835877343707e-35,44614
log_costo,Costo laboral,Con control por tamaño,2022,0,0,0,NA,1.2485835877343707e-35,44614
log_costo,Costo laboral,Con control por tamaño,2023,4.037858328405716,2.9224834891145886,5.153233167696844,1.464839670302443e-12,1.2485835877343707e-35,44614
log_costo,Costo laboral,Con control por tamaño,2024,5.545827183867138,4.465081432029707,6.626572935704569,1.4079111767922078e-23,1.2485835877343707e-35,44614
log_empleo,Empleo total,Sin control por tamaño,2015,6.860911434206873,4.65247498951058,9.069347878903166,1.2186521332456364e-9,3.420341006203403e-7,44615
log_empleo,Empleo total,Sin control por tamaño,2016,6.225382762583247,4.142492450842022,8.308273074324472,4.975945431517401e-9,3.420341006203403e-7,44615
log_empleo,Empleo total,Sin control por tamaño,2017,5.5990568976155455,3.656649846979565,7.5414639482515256,1.6938270362099477e-8,3.420341006203403e-7,44615
log_empleo,Empleo total,Sin control por tamaño,2018,3.9385899790088734,2.250843958267499,5.626335999750248,4.899974335343408e-6,3.420341006203403e-7,44615
log_empleo,Empleo total,Sin control por tamaño,2019,2.6051761702028067,1.1161574803545744,4.094194860051039,6.101584672845038e-4,3.420341006203403e-7,44615
log_empleo,Empleo total,Sin control por tamaño,2021,1.2174337321264532,0.1784838787544195,2.256383585498487,0.021675482936373554,3.420341006203403e-7,44615
log_empleo,Empleo total,Sin control por tamaño,2022,0,0,0,NA,3.420341006203403e-7,44615
log_empleo,Empleo total,Sin control por tamaño,2023,-0.7658885731453565,-1.8948044486420141,0.3630273023513011,0.18367016747168605,3.420341006203403e-7,44615
log_empleo,Empleo total,Sin control por tamaño,2024,-0.4510291714564671,-1.886418399384031,0.984360056471097,0.5380059781347715,3.420341006203403e-7,44615
log_empleo,Empleo total,Con control por tamaño,2015,-0.7537406421473711,-3.0380016119113376,1.5305203276165955,0.5178268811695159,0.4551081625903587,44615
log_empleo,Empleo total,Con control por tamaño,2016,-0.7945767251934428,-2.950508024425289,1.3613545740384032,0.4701029352330328,0.4551081625903587,44615
log_empleo,Empleo total,Con control por tamaño,2017,-1.0453430304499245,-3.0533738063507117,0.9626877454508628,0.3076160859954837,0.4551081625903587,44615
log_empleo,Empleo total,Con control por tamaño,2018,-1.4919992923532603,-3.2855242147699215,0.30152563006340066,0.10306045064031903,0.4551081625903587,44615
log_empleo,Empleo total,Con control por tamaño,2019,-1.7626225800135626,-3.3229956709235884,-0.20224948910353735,0.02686960147973599,0.4551081625903587,44615
log_empleo,Empleo total,Con control por tamaño,2021,-0.7819230796296922,-1.8739222233387403,0.31007606407935584,0.16054278041243408,0.4551081625903587,44615
log_empleo,Empleo total,Con control por tamaño,2022,0,0,0,NA,0.4551081625903587,44615
log_empleo,Empleo total,Con control por tamaño,2023,-1.753619060279106,-2.9449711618381054,-0.5622669587201066,0.00393011135061509,0.4551081625903587,44615
log_empleo,Empleo total,Con control por tamaño,2024,-2.0732976650435173,-3.6051590013314287,-0.5414363287556055,0.008008365153359882,0.4551081625903587,44615
log_permanente,Empleo permanente,Sin control por tamaño,2015,1.0425029080653065,-1.8508674286988671,3.9358732448294806,0.48009442811128955,0.5122612914619249,43675
log_permanente,Empleo permanente,Sin control por tamaño,2016,0.16542255801912065,-2.5119542929227903,2.8427994089610316,0.9036172316159903,0.5122612914619249,43675
log_permanente,Empleo permanente,Sin control por tamaño,2017,0.8506891765648888,-1.7284058240409599,3.4297841771707374,0.5179932788264073,0.5122612914619249,43675
log_permanente,Empleo permanente,Sin control por tamaño,2018,0.39116698730425026,-1.8558709459579499,2.6382049205664506,0.7329677760207072,0.5122612914619249,43675
log_permanente,Empleo permanente,Sin control por tamaño,2019,-0.7659460737857879,-2.7730154806206606,1.2411233330490852,0.4545047744380949,0.5122612914619249,43675
log_permanente,Empleo permanente,Sin control por tamaño,2021,-0.5739743415716463,-2.048086706815323,0.9001380236720303,0.4454008330084702,0.5122612914619249,43675
log_permanente,Empleo permanente,Sin control por tamaño,2022,0,0,0,NA,0.5122612914619249,43675
log_permanente,Empleo permanente,Sin control por tamaño,2023,-1.861636588500669,-3.4276011992444158,-0.2956719777569221,0.019841281273773104,0.5122612914619249,43675
log_permanente,Empleo permanente,Sin control por tamaño,2024,-1.9392414431999052,-3.73851337255666,-0.13996951384315018,0.03469442096397334,0.5122612914619249,43675
log_permanente,Empleo permanente,Con control por tamaño,2015,-6.577723256886061,-9.703008065469579,-3.4524384483025425,3.7636061671940467e-5,2.936061671297341e-4,43675
log_permanente,Empleo permanente,Con control por tamaño,2016,-6.726806798896283,-9.653170020656695,-3.8004435771358702,6.7717938355087745e-6,2.936061671297341e-4,43675
log_permanente,Empleo permanente,Con control por tamaño,2017,-5.2272265229515344,-8.029904887021459,-2.42454815888161,2.5920477835698875e-4,2.936061671297341e-4,43675
log_permanente,Empleo permanente,Con control por tamaño,2018,-4.168167869785313,-6.646180805478094,-1.69015493409253,9.84492811194919e-4,2.936061671297341e-4,43675
log_permanente,Empleo permanente,Con control por tamaño,2019,-4.309541597728875,-6.538260905705942,-2.0808222897518083,1.524262939251106e-4,2.936061671297341e-4,43675
log_permanente,Empleo permanente,Con control por tamaño,2021,-1.9963645694180532,-3.604756123233157,-0.3879730156029493,0.015017278733185358,2.936061671297341e-4,43675
log_permanente,Empleo permanente,Con control por tamaño,2022,0,0,0,NA,2.936061671297341e-4,43675
log_permanente,Empleo permanente,Con control por tamaño,2023,-2.2728691439081294,-3.9867452881315644,-0.5589929996846945,0.009369214081859267,2.936061671297341e-4,43675
log_permanente,Empleo permanente,Con control por tamaño,2024,-2.6829814085881996,-4.673383421400663,-0.6925793957757366,0.008266973794679453,2.936061671297341e-4,43675
log_temporal_directo,Empleo temporal directo,Sin control por tamaño,2015,16.540380971732123,9.966145816256383,23.11461612720786,8.667716345812188e-7,1.0276268456050316e-4,16213
log_temporal_directo,Empleo temporal directo,Sin control por tamaño,2016,12.732473785333347,6.879980531529986,18.58496703913671,2.0762089238332332e-5,1.0276268456050316e-4,16213
log_temporal_directo,Empleo temporal directo,Sin control por tamaño,2017,9.335560298483077,3.7701615862745776,14.900959010691578,0.0010228645249076161,1.0276268456050316e-4,16213
log_temporal_directo,Empleo temporal directo,Sin control por tamaño,2018,5.767221959852619,0.7632297179677658,10.771214201737472,0.02396637534592122,1.0276268456050316e-4,16213
log_temporal_directo,Empleo temporal directo,Sin control por tamaño,2019,4.943892649231595,0.14317683917230567,9.744608459290884,0.043642903786088316,1.0276268456050316e-4,16213
log_temporal_directo,Empleo temporal directo,Sin control por tamaño,2021,0.37303870634900826,-3.394706750298957,4.140784162996973,0.846146212611155,1.0276268456050316e-4,16213
log_temporal_directo,Empleo temporal directo,Sin control por tamaño,2022,0,0,0,NA,1.0276268456050316e-4,16213
log_temporal_directo,Empleo temporal directo,Sin control por tamaño,2023,-2.996527002750915,-6.579935915076993,0.586881909575162,0.10133098461713724,1.0276268456050316e-4,16213
log_temporal_directo,Empleo temporal directo,Sin control por tamaño,2024,-1.5994871269317783,-6.172449466436026,2.973475212572469,0.49305591191044995,1.0276268456050316e-4,16213
log_temporal_directo,Empleo temporal directo,Con control por tamaño,2015,9.15799036426532,2.1611363736074916,16.15484435492315,0.010359712000702908,0.0852276573848834,16213
log_temporal_directo,Empleo temporal directo,Con control por tamaño,2016,8.173388290217057,2.004100812210716,14.342675768223398,0.009463413864896549,0.0852276573848834,16213
log_temporal_directo,Empleo temporal directo,Con control por tamaño,2017,4.171435187030613,-1.840898804196528,10.183769178257753,0.17398391378644734,0.0852276573848834,16213
log_temporal_directo,Empleo temporal directo,Con control por tamaño,2018,2.6525824739691806,-2.7973800815475585,8.102545029485919,0.34018814449290513,0.0852276573848834,16213
log_temporal_directo,Empleo temporal directo,Con control por tamaño,2019,1.7074025868595326,-3.519869110646596,6.934674284365661,0.5220958771460786,0.0852276573848834,16213
log_temporal_directo,Empleo temporal directo,Con control por tamaño,2021,-1.294214232914235,-5.471822000560354,2.8833935347318844,0.5437668071592199,0.0852276573848834,16213
log_temporal_directo,Empleo temporal directo,Con control por tamaño,2022,0,0,0,NA,0.0852276573848834,16213
log_temporal_directo,Empleo temporal directo,Con control por tamaño,2023,-3.238057554509017,-6.961937399325049,0.4858222903070163,0.08844127727786924,0.0852276573848834,16213
log_temporal_directo,Empleo temporal directo,Con control por tamaño,2024,-4.613840860009271,-9.592474722521809,0.3647930025032678,0.06942217296313044,0.0852276573848834,16213
participacion_permanente,Participación de permanentes,Sin control por tamaño,2015,-4.880499286047477,-5.894424469149946,-3.866574102945007,5.8237643983722934e-21,2.0612842727968037e-20,44615
participacion_permanente,Participación de permanentes,Sin control por tamaño,2016,-4.619494182597856,-5.548592997798351,-3.690395367397361,3.0228104236594937e-22,2.0612842727968037e-20,44615
participacion_permanente,Participación de permanentes,Sin control por tamaño,2017,-3.976497677496396,-4.887354594355502,-3.0656407606372906,1.517612091877186e-17,2.0612842727968037e-20,44615
participacion_permanente,Participación de permanentes,Sin control por tamaño,2018,-3.346882909821952,-4.182805623302716,-2.510960196341188,5.135363720896511e-15,2.0612842727968037e-20,44615
participacion_permanente,Participación de permanentes,Sin control por tamaño,2019,-2.683217193226269,-3.4606364700432963,-1.905797916409242,1.4847444785212684e-11,2.0612842727968037e-20,44615
participacion_permanente,Participación de permanentes,Sin control por tamaño,2021,-1.3425165494005573,-1.8561086938865892,-0.8289244049145255,3.111576652612473e-7,2.0612842727968037e-20,44615
participacion_permanente,Participación de permanentes,Sin control por tamaño,2022,0,0,0,NA,2.0612842727968037e-20,44615
participacion_permanente,Participación de permanentes,Sin control por tamaño,2023,-1.2639670626290638,-1.7885427648137788,-0.7393913604443486,2.3906352430977943e-6,2.0612842727968037e-20,44615
participacion_permanente,Participación de permanentes,Sin control por tamaño,2024,-1.3351948781363234,-1.9427401253130725,-0.7276496309595741,1.6823851693075e-5,2.0612842727968037e-20,44615
participacion_permanente,Participación de permanentes,Con control por tamaño,2015,-4.222243422791025,-5.323362110761813,-3.1211247348202362,6.65202947885658e-14,2.2506757470709904e-12,44615
participacion_permanente,Participación de permanentes,Con control por tamaño,2016,-4.056366385757505,-5.0746186078925994,-3.0381141636224096,7.005225319051886e-15,2.2506757470709904e-12,44615
participacion_permanente,Participación de permanentes,Con control por tamaño,2017,-3.273649062357231,-4.271620174305398,-2.2756779504090643,1.398065112299328e-10,2.2506757470709904e-12,44615
participacion_permanente,Participación de permanentes,Con control por tamaño,2018,-2.7522159777368325,-3.6622682114339,-1.8421637440397658,3.2778226702148356e-9,2.2506757470709904e-12,44615
participacion_permanente,Participación de permanentes,Con control por tamaño,2019,-2.0252108574757304,-2.87381730649692,-1.17660440845454,2.9780274314763914e-6,2.2506757470709904e-12,44615
participacion_permanente,Participación de permanentes,Con control por tamaño,2021,-0.9520299726451161,-1.5145036763256854,-0.3895562689645468,9.147954812388687e-4,2.2506757470709904e-12,44615
participacion_permanente,Participación de permanentes,Con control por tamaño,2022,0,0,0,NA,2.2506757470709904e-12,44615
participacion_permanente,Participación de permanentes,Con control por tamaño,2023,-0.9910304408181007,-1.5600260801094383,-0.422034801526763,6.457030779634362e-4,2.2506757470709904e-12,44615
participacion_permanente,Participación de permanentes,Con control por tamaño,2024,-0.8857717528927802,-1.5525131007674176,-0.21903040501814292,0.009244314741937668,2.2506757470709904e-12,44615
log_agencias,Personal de agencias,Sin control por tamaño,2015,11.895524990517588,4.718416971643001,19.072633009392177,0.0011762258007511329,0.07681558214198013,15614
log_agencias,Personal de agencias,Sin control por tamaño,2016,9.00274477003904,2.759001855798621,15.246487684279458,0.0047517104654678085,0.07681558214198013,15614
log_agencias,Personal de agencias,Sin control por tamaño,2017,6.9736704038329504,0.8728763880448333,13.074464419621068,0.025155929160579595,0.07681558214198013,15614
log_agencias,Personal de agencias,Sin control por tamaño,2018,4.408321856652016,-1.4908031829037556,10.307446896207786,0.14314251656639868,0.07681558214198013,15614
log_agencias,Personal de agencias,Sin control por tamaño,2019,3.1481451358394823,-1.820130509457267,8.116420781136231,0.2143774949568475,0.07681558214198013,15614
log_agencias,Personal de agencias,Sin control por tamaño,2021,1.862623644361058,-2.1920298767399826,5.917277165462098,0.3680082851866905,0.07681558214198013,15614
log_agencias,Personal de agencias,Sin control por tamaño,2022,0,0,0,NA,0.07681558214198013,15614
log_agencias,Personal de agencias,Sin control por tamaño,2023,0.7401851178739636,-3.3669127500432996,4.847282985791226,0.7239452981825966,0.07681558214198013,15614
log_agencias,Personal de agencias,Sin control por tamaño,2024,0.7868130058683309,-4.489341672937422,6.062967684674084,0.7700926228784213,0.07681558214198013,15614
log_agencias,Personal de agencias,Con control por tamaño,2015,6.2424318058566115,-1.2609556051090238,13.745819216822246,0.1031043371235491,0.7255659530393896,15614
log_agencias,Personal de agencias,Con control por tamaño,2016,3.78133407958805,-2.809955484532775,10.372623643708875,0.2609470096350587,0.7255659530393896,15614
log_agencias,Personal de agencias,Con control por tamaño,2017,2.054005944848293,-4.526618420012367,8.634630309708953,0.5407466234489116,0.7255659530393896,15614
log_agencias,Personal de agencias,Con control por tamaño,2018,0.08487497933465579,-6.238722090968251,6.408472049637562,0.9790146871224907,0.7255659530393896,15614
log_agencias,Personal de agencias,Con control por tamaño,2019,0.15971028721859168,-5.178928804660651,5.498349379097835,0.9532476450381371,0.7255659530393896,15614
log_agencias,Personal de agencias,Con control por tamaño,2021,-0.044705348640171685,-4.389133077972946,4.299722380692603,0.9839103157367325,0.7255659530393896,15614
log_agencias,Personal de agencias,Con control por tamaño,2022,0,0,0,NA,0.7255659530393896,15614
log_agencias,Personal de agencias,Con control por tamaño,2023,-1.0401748187114188,-5.475791264553978,3.3954416271311407,0.6458241702851519,0.7255659530393896,15614
log_agencias,Personal de agencias,Con control por tamaño,2024,-1.997448670790771,-7.637680436393218,3.642783094811676,0.48767517079485,0.7255659530393896,15614
