variable,etiqueta,grupo,ANIO,firmas,media,ee,ic95_inf,ic95_sup,tramo
log_costo,Costo laboral,Más expuestas (Q5),2015,951,-33.23379117208306,1.267901591569361,-35.71887829155901,-30.74870405260711,2015-2019
log_costo,Costo laboral,Más expuestas (Q5),2016,986,-27.660402966035882,1.2064853728776301,-30.025114296876037,-25.295691635195727,2015-2019
log_costo,Costo laboral,Más expuestas (Q5),2017,994,-22.05155238558495,1.1305911708781622,-24.26751108050615,-19.835593690663753,2015-2019
log_costo,Costo laboral,Más expuestas (Q5),2018,1007,-18.225744318202505,1.1109151003800073,-20.40313791494732,-16.04835072145769,2015-2019
log_costo,Costo laboral,Más expuestas (Q5),2019,998,-12.416076442372908,1.0654088340414136,-14.50427775709408,-10.327875127651737,2015-2019
log_costo,Costo laboral,Más expuestas (Q5),2021,1010,-2.1422751470288555,1.2565762843929325,-4.605164664439004,0.32061437038129226,2021-2024
log_costo,Costo laboral,Más expuestas (Q5),2022,1020,0,0,0,0,2021-2024
log_costo,Costo laboral,Más expuestas (Q5),2023,983,14.05553691185839,0.9477723467468754,12.197903112234513,15.913170711482266,2021-2024
log_costo,Costo laboral,Más expuestas (Q5),2024,932,25.62551026255558,0.9042148905169887,23.85324907714228,27.39777144796888,2021-2024
log_costo,Costo laboral,Menos expuestas (Q1),2015,963,-48.22900413862033,1.0874679281561273,-50.360441277806345,-46.09756699943432,2015-2019
log_costo,Costo laboral,Menos expuestas (Q1),2016,979,-42.62615342143523,1.1128273884616553,-44.80729510282007,-40.44501174005038,2015-2019
log_costo,Costo laboral,Menos expuestas (Q1),2017,991,-36.97235353520298,1.0842747159278248,-39.097531978421515,-34.84717509198444,2015-2019
log_costo,Costo laboral,Menos expuestas (Q1),2018,1000,-29.778479517061463,0.9468093550789286,-31.63422585301616,-27.922733181106764,2015-2019
log_costo,Costo laboral,Menos expuestas (Q1),2019,1001,-21.76811378075049,0.8938987286401524,-23.52015528888519,-20.01607227261579,2015-2019
log_costo,Costo laboral,Menos expuestas (Q1),2021,1010,-9.381741038184197,0.7066731841611059,-10.766820479139964,-7.99666159722843,2021-2024
log_costo,Costo laboral,Menos expuestas (Q1),2022,1020,0,0,0,0,2021-2024
log_costo,Costo laboral,Menos expuestas (Q1),2023,1003,7.1368494043206585,0.845864371024772,5.478955237112105,8.794743571529212,2021-2024
log_costo,Costo laboral,Menos expuestas (Q1),2024,978,14.972663988414732,0.7733189659482342,13.456958815156193,16.488369161673273,2021-2024
log_empleo,Empleo total,Más expuestas (Q5),2015,951,7.575490075086269,2.240121710693224,3.18485152212755,11.966128628044988,2015-2019
log_empleo,Empleo total,Más expuestas (Q5),2016,986,8.215586533958488,2.0376561820921686,4.221780417057838,12.209392650859138,2015-2019
log_empleo,Empleo total,Más expuestas (Q5),2017,994,9.00196727737888,1.9664278471525225,5.147768696959935,12.856165857797823,2015-2019
log_empleo,Empleo total,Más expuestas (Q5),2018,1007,6.864951988440383,1.7649306010222618,3.40568801043675,10.324215966444017,2015-2019
log_empleo,Empleo total,Más expuestas (Q5),2019,998,5.421192245404065,1.5387052501748022,2.405329955061452,8.437054535746677,2015-2019
log_empleo,Empleo total,Más expuestas (Q5),2021,1010,-1.2962387691779005,1.0772490827537564,-3.4076469713752626,0.8151694330194619,2021-2024
log_empleo,Empleo total,Más expuestas (Q5),2022,1020,0,0,0,0,2021-2024
log_empleo,Empleo total,Más expuestas (Q5),2023,983,-3.3653756407427324,0.9101015539994375,-5.14917468658163,-1.581576594903835,2021-2024
log_empleo,Empleo total,Más expuestas (Q5),2024,932,-5.396072770426882,1.3330547677613955,-8.008860115239216,-2.7832854256145465,2021-2024
log_empleo,Empleo total,Menos expuestas (Q1),2015,963,-14.745021028942059,2.356077594745294,-19.362933114642836,-10.127108943241282,2015-2019
log_empleo,Empleo total,Menos expuestas (Q1),2016,979,-12.463897075695028,2.2321086864055375,-16.838830101049883,-8.088964050340174,2015-2019
log_empleo,Empleo total,Menos expuestas (Q1),2017,991,-10.57349252602263,2.0936887542555795,-14.677122484363565,-6.469862567681694,2015-2019
log_empleo,Empleo total,Menos expuestas (Q1),2018,1000,-6.88713185003628,1.8657267102938582,-10.543956202212241,-3.2303074978603177,2015-2019
log_empleo,Empleo total,Menos expuestas (Q1),2019,1001,-4.405183691844818,1.636072762319307,-7.61188630599066,-1.1984810776989763,2015-2019
log_empleo,Empleo total,Menos expuestas (Q1),2021,1010,-4.45850633034669,1.052772615104306,-6.521940655951131,-2.3950720047422505,2021-2024
log_empleo,Empleo total,Menos expuestas (Q1),2022,1020,0,0,0,0,2021-2024
log_empleo,Empleo total,Menos expuestas (Q1),2023,1003,-1.9385545741686627,1.2258626318404382,-4.341245332575921,0.46413618423859626,2021-2024
log_empleo,Empleo total,Menos expuestas (Q1),2024,978,-3.438124308871392,1.509371928784998,-6.396493289289989,-0.479755328452796,2021-2024
log_permanente,Empleo permanente,Más expuestas (Q5),2015,882,-1.6429664319222275,3.0065190631967575,-7.535743795787872,4.249810931943418,2015-2019
log_permanente,Empleo permanente,Más expuestas (Q5),2016,919,1.9926105584529026,2.6985715053214676,-3.296589591977174,7.281810708882979,2015-2019
log_permanente,Empleo permanente,Más expuestas (Q5),2017,932,3.3118960359565155,2.537796249457901,-1.6621846129809703,8.285976684894,2015-2019
log_permanente,Empleo permanente,Más expuestas (Q5),2018,952,2.507406143142848,2.3080995000664566,-2.0164688769874073,7.031281163273103,2015-2019
log_permanente,Empleo permanente,Más expuestas (Q5),2019,956,-0.46720869377150576,1.983556687528888,-4.354979801328126,3.4205624137851145,2015-2019
log_permanente,Empleo permanente,Más expuestas (Q5),2021,994,-4.649713984289794,1.5349232041325067,-7.6581634643895065,-1.6412645041900809,2021-2024
log_permanente,Empleo permanente,Más expuestas (Q5),2022,1020,0,0,0,0,2021-2024
log_permanente,Empleo permanente,Más expuestas (Q5),2023,972,-5.894234469711455,1.3273596808100536,-8.49585944409916,-3.2926094953237497,2021-2024
log_permanente,Empleo permanente,Más expuestas (Q5),2024,920,-7.697597679626889,1.7393651524831844,-11.10675337849393,-4.288441980759847,2021-2024
log_permanente,Empleo permanente,Menos expuestas (Q1),2015,943,-9.701481052793914,3.169150249897414,-15.913015542592845,-3.489946562994983,2015-2019
log_permanente,Empleo permanente,Menos expuestas (Q1),2016,962,-4.194764623293063,2.723336148525221,-9.532503474402496,1.1429742278163708,2015-2019
log_permanente,Empleo permanente,Menos expuestas (Q1),2017,973,-3.420448667724124,2.5474132570805743,-8.41337865160205,1.572481316153802,2015-2019
log_permanente,Empleo permanente,Menos expuestas (Q1),2018,986,-1.4372987995154316,2.2822275795890103,-5.910464855509892,3.0358672564790288,2015-2019
log_permanente,Empleo permanente,Menos expuestas (Q1),2019,988,-0.7484133024997355,1.9513135571582203,-4.572987874529847,3.0761612695303766,2015-2019
log_permanente,Empleo permanente,Menos expuestas (Q1),2021,1005,-1.2480550195744435,1.2977985499203246,-3.79174017741828,1.2956301382693927,2021-2024
log_permanente,Empleo permanente,Menos expuestas (Q1),2022,1020,0,0,0,0,2021-2024
log_permanente,Empleo permanente,Menos expuestas (Q1),2023,1000,-0.31641243845374584,1.3819006444831199,-3.0249377016406607,2.392112824733169,2021-2024
log_permanente,Empleo permanente,Menos expuestas (Q1),2024,972,-1.9502846972545298,1.7656673211729284,-5.41099264675347,1.5104232522444099,2021-2024
log_temporal_directo,Empleo temporal directo,Más expuestas (Q5),2015,111,23.20560945837109,10.664287749827563,2.3036054687090655,44.10761344803311,2015-2019
log_temporal_directo,Empleo temporal directo,Más expuestas (Q5),2016,128,11.013068906338315,8.929160204970756,-6.488085095404369,28.514222908081,2015-2019
log_temporal_directo,Empleo temporal directo,Más expuestas (Q5),2017,134,19.993897571107784,7.946637405779895,4.41848825577919,35.56930688643638,2015-2019
log_temporal_directo,Empleo temporal directo,Más expuestas (Q5),2018,150,12.649567401352085,7.509282969682428,-2.0686272192254744,27.367762021929643,2015-2019
log_temporal_directo,Empleo temporal directo,Más expuestas (Q5),2019,158,13.139907035586289,7.523385546455182,-1.605928635465867,27.885742706638446,2015-2019
log_temporal_directo,Empleo temporal directo,Más expuestas (Q5),2021,171,-2.4925565516987898,4.811914213949787,-11.923908411040372,6.938795307642792,2021-2024
log_temporal_directo,Empleo temporal directo,Más expuestas (Q5),2022,195,0,0,0,0,2021-2024
log_temporal_directo,Empleo temporal directo,Más expuestas (Q5),2023,164,-1.383749569807575,4.198675558860007,-9.613153665173188,6.845654525558038,2021-2024
log_temporal_directo,Empleo temporal directo,Más expuestas (Q5),2024,152,-5.631502804110142,5.176264479251472,-15.776981183443027,4.5139755752227435,2021-2024
log_temporal_directo,Empleo temporal directo,Menos expuestas (Q1),2015,387,-34.037675749207864,6.712856642998291,-47.194874769484514,-20.880476728931214,2015-2019
log_temporal_directo,Empleo temporal directo,Menos expuestas (Q1),2016,416,-22.30066058155287,5.493753930445344,-33.068418285225746,-11.532902877879994,2015-2019
log_temporal_directo,Empleo temporal directo,Menos expuestas (Q1),2017,428,-10.018046810467261,4.734198703103164,-19.29707626854946,-0.7390173523850603,2015-2019
log_temporal_directo,Empleo temporal directo,Menos expuestas (Q1),2018,460,-9.504585598980235,4.094815333725519,-17.530423653082252,-1.4787475448782175,2015-2019
log_temporal_directo,Empleo temporal directo,Menos expuestas (Q1),2019,492,-17.902755200883337,3.530630152051027,-24.82279029890335,-10.982720102863325,2015-2019
log_temporal_directo,Empleo temporal directo,Menos expuestas (Q1),2021,526,-6.929853862140855,2.521760711077952,-11.872504855853641,-1.987202868428069,2021-2024
log_temporal_directo,Empleo temporal directo,Menos expuestas (Q1),2022,591,0,0,0,0,2021-2024
log_temporal_directo,Empleo temporal directo,Menos expuestas (Q1),2023,530,3.7187191669112325,2.4149487249585135,-1.0145803340074542,8.452018667829918,2021-2024
log_temporal_directo,Empleo temporal directo,Menos expuestas (Q1),2024,493,6.13963663114604,3.2163253823959694,-0.16436111835005995,12.44363438064214,2021-2024
participacion_permanente,Participación de permanentes (p.p.),Más expuestas (Q5),2015,951,-10.632409158038241,1.142866974678151,-12.872428428407417,-8.392389887669065,2015-2019
participacion_permanente,Participación de permanentes (p.p.),Más expuestas (Q5),2016,986,-10.019903503020393,1.069960403048927,-12.117025892996288,-7.922781113044496,2015-2019
participacion_permanente,Participación de permanentes (p.p.),Más expuestas (Q5),2017,994,-9.550337427166689,1.029129502724918,-11.567431252507529,-7.533243601825849,2015-2019
participacion_permanente,Participación de permanentes (p.p.),Más expuestas (Q5),2018,1007,-7.917908940563422,0.9595344828597296,-9.798596526968492,-6.037221354158352,2015-2019
participacion_permanente,Participación de permanentes (p.p.),Más expuestas (Q5),2019,998,-6.7918633331235245,0.8585203403992778,-8.47456320030611,-5.10916346594094,2015-2019
participacion_permanente,Participación de permanentes (p.p.),Más expuestas (Q5),2021,1010,-2.9507555667592698,0.5776511223847074,-4.082951766633296,-1.8185593668852433,2021-2024
participacion_permanente,Participación de permanentes (p.p.),Más expuestas (Q5),2022,1020,0,0,0,0,2021-2024
participacion_permanente,Participación de permanentes (p.p.),Más expuestas (Q5),2023,983,-2.4144214534255175,0.5358291952012031,-3.4646466760198757,-1.3641962308311595,2021-2024
participacion_permanente,Participación de permanentes (p.p.),Más expuestas (Q5),2024,932,-2.169770965582047,0.6223307529883874,-3.3895392414392864,-0.9500026897248077,2021-2024
participacion_permanente,Participación de permanentes (p.p.),Menos expuestas (Q1),2015,963,2.1688106120863315,0.8772187477778272,0.4494618664417904,3.8881593577308724,2015-2019
participacion_permanente,Participación de permanentes (p.p.),Menos expuestas (Q1),2016,979,2.343316728232727,0.8039519977218287,0.767570812697943,3.9190626437675116,2015-2019
participacion_permanente,Participación de permanentes (p.p.),Menos expuestas (Q1),2017,991,1.8419964556072377,0.7691186659402044,0.3345238703644371,3.349469040850038,2015-2019
participacion_permanente,Participación de permanentes (p.p.),Menos expuestas (Q1),2018,1000,1.4935040322805873,0.6761833866016685,0.16818459454131696,2.818823470019858,2015-2019
participacion_permanente,Participación de permanentes (p.p.),Menos expuestas (Q1),2019,1001,0.6779171587417101,0.5816503563803742,-0.4621175397638233,1.8179518572472435,2015-2019
participacion_permanente,Participación de permanentes (p.p.),Menos expuestas (Q1),2021,1010,1.0403755743753187,0.43627767753680413,0.18527132640318256,1.895479822347455,2021-2024
participacion_permanente,Participación de permanentes (p.p.),Menos expuestas (Q1),2022,1020,0,0,0,0,2021-2024
participacion_permanente,Participación de permanentes (p.p.),Menos expuestas (Q1),2023,1003,1.2585491505444966,0.38382018052336464,0.5062615967187019,2.0108367043702913,2021-2024
participacion_permanente,Participación de permanentes (p.p.),Menos expuestas (Q1),2024,978,1.5626110771733606,0.49006652752644575,0.6020806832215269,2.5231414711251943,2021-2024
log_agencias,Personal de agencias,Más expuestas (Q5),2015,74,-9.978665406017813,13.665250145143574,-36.76255569049922,16.80522487846359,2015-2019
log_agencias,Personal de agencias,Más expuestas (Q5),2016,85,-10.469935111708068,11.335454605013258,-32.687426137534054,11.747555914117918,2015-2019
log_agencias,Personal de agencias,Más expuestas (Q5),2017,86,-17.015976456554483,10.890503315518595,-38.36136295497093,4.329410041861962,2015-2019
log_agencias,Personal de agencias,Más expuestas (Q5),2018,89,-9.066099536675646,10.459136643747833,-29.566007358421395,11.433808285070105,2015-2019
log_agencias,Personal de agencias,Más expuestas (Q5),2019,92,0.39277515536411006,8.7033105057583,-16.665713435922157,17.451263746650376,2015-2019
log_agencias,Personal de agencias,Más expuestas (Q5),2021,104,1.2801496596719903,7.008915483341518,-12.457324687677385,15.017624007021364,2021-2024
log_agencias,Personal de agencias,Más expuestas (Q5),2022,112,0,0,0,0,2021-2024
log_agencias,Personal de agencias,Más expuestas (Q5),2023,100,-13.553775065753626,5.2338533591827945,-23.812127649751904,-3.295422481755349,2021-2024
log_agencias,Personal de agencias,Más expuestas (Q5),2024,90,-22.92867289252049,7.599400949433282,-37.82349875340972,-8.033847031631256,2021-2024
log_agencias,Personal de agencias,Menos expuestas (Q1),2015,514,-7.231453434885719,5.690717970044917,-18.385260656173756,3.9223537864023186,2015-2019
log_agencias,Personal de agencias,Menos expuestas (Q1),2016,525,-6.516614953201257,5.146624457375542,-16.60399888965732,3.570768983254805,2015-2019
log_agencias,Personal de agencias,Menos expuestas (Q1),2017,544,-10.77431814393995,4.59156382158788,-19.773783234252196,-1.7748530536277052,2015-2019
log_agencias,Personal de agencias,Menos expuestas (Q1),2018,576,-9.684010252830168,3.7631076130146544,-17.05970117433889,-2.308319331321446,2015-2019
log_agencias,Personal de agencias,Menos expuestas (Q1),2019,594,-5.8614317682037775,3.5107724190551046,-12.742545709551782,1.0196821731442274,2015-2019
log_agencias,Personal de agencias,Menos expuestas (Q1),2021,632,-9.288015543523812,2.319317432407191,-13.833877711041907,-4.742153376005718,2021-2024
log_agencias,Personal de agencias,Menos expuestas (Q1),2022,667,0,0,0,0,2021-2024
log_agencias,Personal de agencias,Menos expuestas (Q1),2023,603,-11.848286220326811,2.5975215172153603,-16.939428394068916,-6.757144046584705,2021-2024
log_agencias,Personal de agencias,Menos expuestas (Q1),2024,570,-15.813983170202889,3.5651510270316362,-22.801679183184895,-8.826287157220882,2021-2024
